#node1	Accession	(G12D_KO) / (G12D_WT)	Adj. P-Value: (G12D_KO) / (G12D_WT)	log2 (G12D_KO) / (G12D_WT)	-log10 Adj. P-Value: (G12D_KO) / (G12D_WT)	stringId	compartment::cytoskeleton	compartment::cytosol	compartment::endoplasmic reticulum	compartment::endosome	compartment::extracellular	compartment::golgi apparatus	compartment::lysosome	compartment::mitochondrion	compartment::nucleus	compartment::peroxisome	compartment::plasma membrane	display name	Cell_Compartment	queryItem	preferredName
Fga	E9PV24	0.588	1.76e-05	-0.766111939825723	4.75448733218585	10090.ENSMUSP00000133117	1.702405	1.48792	4.268621	0.949511	4.48794	1.141292	1.161765	1.494185	1.830461	0.873222	4.337509	Fga	extracellular	E9PV24	Fga
Dsp	E9Q557	0.5	2.2e-08	-1	7.65757731917779	10090.ENSMUSP00000115062	4.091215	2.775732	1.759107	1.144811	1.97127	1.210541	1.305719	1.603387	3.554509	0.568529	5	Dsp	plasma membrane	E9Q557	Dsp
Ube4a	E9Q735	0.044	1.75e-07	-4.50635266602479	6.75696195131371	10090.ENSMUSP00000113346	0.847918	1.626725	1.458086	NA	0.554721	NA	0.907116	1.189422	3.691696	0.5625	0.857313	Ube4a	nucleus	E9Q735	Ube4a
Eef2k	O08796	31.43	1.07e-15	4.97407036702403	14.9706162223148	10090.ENSMUSP00000046595	1.647275	2.657775	1.51509	1.197394	1.654542	0.581879	1.388505	1.752849	2.751333	0.773096	1.553771	Eef2k	nucleus	O08796	Eef2k
Prdx4	O08807	1.924	0.000266	0.944108799107955	3.57511836336893	10090.ENSMUSP00000026328	1.701053	5	5	1.147437	4.389078	1.386551	1.525501	4.636345	2.45835	2.193172	1.806863	Prdx4	cytosol; endoplasmic reticulum	O08807	Prdx4
Reg3a	O09037	0.492	0.00306	-1.02326977932285	2.51427857351842	10090.ENSMUSP00000098829	0.982769	1.285095	1.033611	NA	5	NA	NA	1.081637	1.439385	NA	1.435199	Reg3a	extracellular	O09037	Reg3a
Reg3g	O09049	0.076	2.3e-14	-3.7178567712185	13.6382721639824	10090.ENSMUSP00000032089	1.425627	2.002064	1.341325	1.038962	4.616992	0.906427	1.242928	1.431646	2.093841	0.8471	2.165876	Reg3g	extracellular	O09049	Reg3g
Srsf5	O35326	4.915	0.0233	2.29719141656586	1.63264407897398	10090.ENSMUSP00000105985	1.401598	4.197011	0.853521	NA	1.046612	NA	0.59673	1.163362	5	NA	1.102109	Srsf5	nucleus	O35326	Srsf5
Myadm	O35682	4.639	0.0499	2.21381384618775	1.30189945437661	10090.ENSMUSP00000131318	4.229574	0.770737	NA	0.550094	0.939461	NA	NA	0.77132	1.261151	NA	4.684781	Myadm	plasma membrane	O35682	Myadm
Gamt	O35969	2.817	2.44e-11	1.49415956371284	10.6126101736613	10090.ENSMUSP00000101002	1.328525	4.546711	0.992652	NA	1.842503	NA	0.636909	1.981733	3.931853	1.036531	1.431632	Gamt	cytosol	O35969	Gamt
Cavin1	O54724	0.791	0.0479	-0.338250400189295	1.31966448658544	10090.ENSMUSP00000058321	1.993827	4.1224	5	1.789261	1.706295	1.717613	1.681999	4.314725	5	0.685703	5	Ptrf	endoplasmic reticulum; nucleus; plasma membrane	O54724	Ptrf
Eif6	O55135	3.25	0.000829	1.70043971814109	3.08144546944973	10090.ENSMUSP00000029142	5	3.943685	1.238946	NA	2.422619	NA	0.805946	1.458427	5	0.421875	1.22316	Eif6	cytoskeleton; nucleus	O55135	Eif6
Ctss	O70370	0.314	0.00196	-1.67116353577046	2.70774392864352	10090.ENSMUSP00000015667	1.949373	2.920357	1.885359	4.451803	4.492053	1.539459	5	3.228821	2.138515	0.914538	2.160804	Ctss	lysosome	O70370	Ctss
Agr2	O88312	0.214	8.14e-11	-2.22431729826094	10.0893755951108	10090.ENSMUSP00000020898	1.71011	1.490458	5	0.845333	4.757814	1.259131	1.20188	4.297866	1.874272	NA	1.702379	Agr2	endoplasmic reticulum	O88312	Agr2
Myo1a	O88329	5.746	6.86e-07	2.52255799287044	6.16367588429325	10090.ENSMUSP00000078540	4.407521	3.340831	0.75111	1.053111	0.960161	1.156479	0.662666	1.123015	2.328426	0.1875	5	Myo1a	plasma membrane	O88329	Myo1a
Dhcr7	O88455	0.302	0.0108	-1.72737954533701	1.96657624451305	10090.ENSMUSP00000073541	1.502593	1.868629	4.441755	1.326851	1.921203	1.618041	1.586708	1.782087	4.382479	1.531027	3.015571	Dhcr7	endoplasmic reticulum	O88455	Dhcr7
Gosr1	O88630	10.561	0.00593	3.40067454196401	2.22694530663574	10090.ENSMUSP00000010536	1.508384	3.364227	1.82121	1.921989	1.372104	5	1.674648	1.756443	1.383204	1.431009	1.687388	Gosr1	golgi apparatus	O88630	Gosr1
Akap10	O88845	6.658	0.0244	2.73508887047818	1.61261017366127	10090.ENSMUSP00000099710	1.327187	4.408333	1.129009	1.331349	0.711405	1.074715	0.866979	5	3.176675	NA	4.274266	Akap10	mitochondrion	O88845	Akap10
Rbbp9	O88851	4.631	9.15e-06	2.21132375704161	5.03857890593355	10090.ENSMUSP00000028915	0.917444	2.807934	NA	NA	0.690135	NA	0.700164	0.792699	4.40354	NA	1.328128	Rbbp9	nucleus	O88851	Rbbp9
mt-Co3	P00416	2.199	0.0108	1.13684760419288	1.96657624451305	10090.ENSMUSP00000080997	1.281587	1.630256	1.164293	0.539683	1.608516	NA	2.419275	4.528694	1.949246	1.047617	3.045917	mt-Co3	mitochondrion	P00416	mt-Co3
Hprt1	P00493	0.576	0.0311	-0.795859283219775	1.50723961097316	10090.ENSMUSP00000026723	2.699376	5	2.112795	1.829766	2.730993	1.67331	2.020702	2.507472	3.633743	1.534904	3.15449	Hprt	cytosol	P00493	Hprt
Rnase1	P00683	0.765	0.0232	-0.386468347082073	1.6345120151091	10090.ENSMUSP00000079025	1.242486	1.436608	1.298107	1.141277	5	0.593578	1.21994	1.349409	1.662905	NA	1.449722	Rnase1	extracellular	P00683	Rnase1
Amy1	P00687	0.577	2.48e-06	-0.793356776016605	5.60554831917378	10090.ENSMUSP00000070368	0.770953	1.085671	NA	NA	5	NA	0.65625	0.740289	0.884467	0.375	1.338273	Amy1	extracellular	P00687	Amy1
Amy2	P00688	0.766	0.0239	-0.38458370273713	1.62160209905186	10090.ENSMUSP00000096264	1.106673	1.540534	1.208779	NA	5	NA	0.793802	1.459516	1.464994	0.919196	1.771864	Amy2a2	extracellular	P00688	Amy2a2
Ins2	P01326	7.847	0.00114	2.97214120020094	2.94309514866353	10090.ENSMUSP00000101553	2.058895	5	2.750844	1.667497	5	2.360229	1.979694	2.414356	5	1.493134	2.469974	Ins2	cytosol; extracellular; nucleus	P01326	Ins2
Thy1	P01831	5.22	0.000454	2.38404980679516	3.3429441471429	10090.ENSMUSP00000110489	3.214903	4.489875	4.44766	2.153635	4.172774	1.950746	2.179857	2.625482	3.073426	1.357558	5	Thy1	plasma membrane	P01831	Thy1
Igh-3	P01867	0.647	0.00171	-0.628162382669579	2.76700388960785	NA	NA	NA	NA	NA	NA	NA	NA	NA	NA	NA	NA	NA	NA	NA	NA
Mt1	P02802	2.453	0.0209	1.29454723389551	1.67985371388895	10090.ENSMUSP00000034215	1.775797	5	1.49702	0.955706	2.98038	1.464857	5	2.002741	4.499515	0.914362	1.788767	Mt1	cytosol; lysosome	P02802	Mt1
Mtnd3	P03899	11.371	3.05e-07	3.50728722964536	6.51570016065321	10090.ENSMUSP00000080998	1.268877	1.724184	1.541364	0.534041	2.831238	NA	1.018432	4.540822	1.96093	0.973723	1.862255	mt-Nd3	mitochondrion	P03899	mt-Nd3
Mtnd4	P03911	11.2	1.03e-07	3.48542682717024	6.98716277529483	10090.ENSMUSP00000081000	1.480873	1.833351	1.775929	0.809076	1.52248	0.542565	1.256467	4.556005	2.194248	1.053349	3.419697	mt-Nd4	mitochondrion	P03911	mt-Nd4
Krt1	P04104	2.283	3.58e-06	1.19093085956261	5.44611697335613	10090.ENSMUSP00000023790	5	3.072372	1.348874	0.957923	1.915196	1.354125	1.069933	1.723894	2.988586	0.868277	5	Krt1	cytoskeleton; plasma membrane	P04104	Krt1
Fabp4	P04117	1.671	0.0153	0.740711733399101	1.8153085691824	10090.ENSMUSP00000029041	2.34008	4.790179	2.177673	1.497438	2.559408	1.261319	1.748425	2.689069	5	2.576311	2.368496	Fabp4	nucleus	P04117	Fabp4
Cela2a	P05208	0.559	5.97e-07	-0.839079811818897	6.22402566887063	10090.ENSMUSP00000099539	0.99818	1.044449	0.838532	NA	4.704042	NA	0.824806	1.026639	1.361598	NA	1.440338	Cela2a	extracellular	P05208	Cela2a
Enpp1	P06802	5.155	0.0209	2.36597242759338	1.67985371388895	10090.ENSMUSP00000101159	1.649324	2.621901	1.701545	1.208273	4.537476	1.197427	1.369797	2.244395	2.285416	0.927349	5	Enpp1	plasma membrane	P06802	Enpp1
Prss2	P07146	0.544	1.84e-07	-0.878321443411748	6.73518217699046	10090.ENSMUSP00000065393	1.521793	1.785683	1.843512	1.512582	5	1.338871	2.132417	1.759681	1.879786	0.753222	2.108992	Prss2	extracellular	P07146	Prss2
Spink1	P09036	0.421	1.27e-13	-1.24810786159569	12.896196279044	10090.ENSMUSP00000025381	1.366696	1.224299	1.220693	0.718503	5	0.748757	1.071566	1.460192	1.737127	0.629428	1.421416	Spink3	extracellular	P09036	Spink3
Hmgn2	P09602	0.163	0.00557	-2.61705613043101	2.25414480482627	10090.ENSMUSP00000075031	NA	NA	NA	NA	NA	NA	NA	NA	3	NA	NA	Gm10282	nucleus	P09602	Gm10282
Apoa2	P09813	0.536	0.0115	-0.899695094204314	1.93930215964639	10090.ENSMUSP00000005824	1.495328	4.354518	1.499348	1.259416	5	1.11478	1.487243	1.733173	1.828788	1.837542	2.007267	Apoa2	extracellular	P09813	Apoa2
Nid1	P10493	2.303	9.64e-07	1.20351441113076	6.01592296609717	10090.ENSMUSP00000005532	2.042894	1.793961	1.604074	1.088167	4.500142	1.251298	1.137961	1.650452	1.844723	0.53125	4.304216	Nid1	extracellular	P10493	Nid1
Tcea1	P10711	0.568	1.29e-06	-0.816037165157405	5.88941028970075	10090.ENSMUSP00000129157	0.698073	0.51493	NA	NA	0.75788	NA	NA	1.06878	5	NA	0.586192	Tcea1	nucleus	P10711	Tcea1
Fabp1	P12710	0.513	0.0233	-0.962969269055033	1.63264407897398	10090.ENSMUSP00000064655	1.741602	4.753204	2.025917	1.030479	2.318909	1.395121	1.544531	2.373877	5	4.524435	2.088944	Fabp1	nucleus	P12710	Fabp1
S100a6	P14069	0.591	0.00269	-0.758769964484555	2.57024771999759	10090.ENSMUSP00000001051	2.14331	4.722576	1.428972	1.144317	1.969768	0.867378	1.19566	2.51679	4.415447	0.500034	4.36404	S100a6	cytosol	P14069	S100a6
Atp1b1	P14094	3.841	0.0232	1.94148196386898	1.6345120151091	10090.ENSMUSP00000027863	1.807003	2.047949	1.860289	1.186067	1.748536	1.32153	1.350502	2.314047	1.820725	0.770999	5	Atp1b1	plasma membrane	P14094	Atp1b1
Insr	P15208	NA	NA	NA	NA	10090.ENSMUSP00000088837	2.059634	4.407737	2.508735	4.306905	2.936089	1.705604	3.666009	2.445698	4.479114	1.582182	5	Insr	plasma membrane	P15208	Insr
H1-2	P15864	0.752	0.0171	-0.41119543298445	1.76700388960785	10090.ENSMUSP00000045816	1.618424	2.545576	1.076993	0.657419	1.421127	NA	0.844627	1.640503	5	NA	1.482002	Hist1h1c	nucleus	P15864	Hist1h1c
Klk1	P15947	0.582	3.58e-06	-0.780908941753803	5.44611697335613	10090.ENSMUSP00000074659	1.538505	1.250386	1.209493	0.984855	4.746319	0.623678	1.062938	1.228108	4.324992	NA	1.601511	Klk1	extracellular	P15947	Klk1
Ca3	P16015	2.535	1.75e-09	1.34198574722862	8.75696195131371	10090.ENSMUSP00000029076	1.619684	5	1.399959	NA	1.445963	NA	0.857212	1.931981	1.802849	1.178283	1.430063	Car3	cytosol	P16015	Car3
Hk1	P17710	3.772	1.33e-05	1.91532967601301	4.87614835903291	10090.ENSMUSP00000097282	1.861908	4.727882	1.626338	1.35867	2.23167	1.032648	1.658273	4.496411	2.9887	1.428415	4.432174	Hk1	cytosol	P17710	Hk1
Pnliprp2	P17892	0.747	0.0133	-0.42081985187285	1.87614835903291	10090.ENSMUSP00000026081	0.613113	0.978393	1.042212	0.823712	4.507646	0.502999	0.903133	0.930315	1.023208	NA	1.003598	Pnliprp2	extracellular	P17892	Pnliprp2
Pcna	P17918	0.188	4.3e-10	-2.41119543298445	9.36653154442041	10090.ENSMUSP00000028817	4.272165	1.781335	NA	NA	1.334188	NA	NA	0.928716	5	NA	0.984609	Pcna	nucleus	P17918	Pcna
Plg	P20918	0.501	6.22e-06	-0.997117491466879	5.20620961530918	10090.ENSMUSP00000014578	2.64012	2.648033	2.242312	2.087461	4.645744	1.82965	2.298311	2.487808	2.801627	1.645029	5	Plg	plasma membrane	P20918	Plg
Chga	P26339	5.138	5.76e-05	2.36120689023873	4.23957751657679	10090.ENSMUSP00000021610	2.331083	2.094518	2.202427	1.382885	4.533336	1.706396	1.524096	1.907655	2.513334	0.636571	2.150969	Chga	extracellular	P26339	Chga
Psmd7	P26516	0.508	0.0442	-0.977099597889921	1.35457773065091	10090.ENSMUSP00000041968	1.256702	1.02724	2.108661	0.956274	1.227439	NA	1.067995	1.114559	4.301837	0.28125	1.884783	Psmd7	nucleus	P26516	Psmd7
Marcks	P26645	0.475	1.7e-09	-1.07400058144378	8.76955107862173	10090.ENSMUSP00000090245	5	4.575912	1.698514	1.697647	2.022089	1.578464	4.315036	1.702605	5	0.670253	4.470941	Marcks	cytoskeleton; nucleus	P26645	Marcks
S100a8	P27005	0.357	0.0428	-1.48600402063299	1.36855623098683	10090.ENSMUSP00000064385	4.424611	4.761613	1.515768	1.615052	4.524527	1.038417	1.750002	1.813537	2.592603	0.7101	3.901646	S100a8	cytosol	P27005	S100a8
Adh5	P28474	1.667	0.0301	0.73725410432433	1.52143350440616	10090.ENSMUSP00000005964	1.551815	4.477206	1.775397	0.931081	1.666826	1.11293	1.302253	5	4.378144	1.383052	1.711266	Adh5	mitochondrion	P28474	Adh5
Grn	P28798	8.39	1.07e-15	3.0686708106651	14.9706162223148	10090.ENSMUSP00000046340	2.129237	1.946469	5	4.438523	5	5	5	4.44379	2.393112	1.108844	4.416577	Grn	endoplasmic reticulum; extracellular; golgi apparatus; lysosome	P28798	Grn
Dpp4	P28843	9.085	0.000163	3.18348651445939	3.78781239559604	10090.ENSMUSP00000044050	2.255674	2.698159	4.616639	2.285763	5	4.597306	2.1801	2.525878	2.674859	1.872763	4.568158	Dpp4	extracellular	P28843	Dpp4
Gna14	P30677	7.092	0.0264	2.8261925362366	1.57839607313017	10090.ENSMUSP00000025602	1.228962	3.357552	1.181787	0.675764	1.52693	NA	NA	1.041669	2.278879	NA	4.3711	Gna14	plasma membrane	P30677	Gna14
Dpep1	P31428	2.707	0.000139	1.43669488755288	3.85698519974591	10090.ENSMUSP00000019422	1.774019	1.642953	1.283239	1.067737	4.685837	1.071137	1.410748	1.584839	4.456896	0.990553	4.643658	Dpep1	extracellular	P31428	Dpep1
Akt1	P31750	1.294	0.988	0.371837617330421	0.00524305541237188	10090.ENSMUSP00000001780	5	5	3.305418	2.978796	3.641219	2.655494	3.240841	5	5	2.90736	5	Akt1	cytoskeleton; cytosol; mitochondrion; nucleus; plasma membrane	P31750	Akt1
Dbi	P31786	7.652	1.07e-15	2.93583687368403	14.9706162223148	10090.ENSMUSP00000114705	1.608869	1.930254	4.334905	1.140287	4.354046	4.305683	1.348458	4.755989	4.365894	1.966126	4.348642	Dbi	mitochondrion	P31786	Dbi
Scp2	P32020	4.894	1.18e-08	2.2910141014173	7.92811799269387	10090.ENSMUSP00000030340	1.149445	4.54645	5	1.323411	1.622771	1.229953	1.529211	4.509977	4.439826	5	1.755958	Scp2	endoplasmic reticulum; peroxisome	P32020	Scp2
Kras	P32883	NA	NA	NA	NA	10090.ENSMUSP00000032399	3.386617	4.246461	2.870834	2.888786	3.293092	2.575845	2.903789	4.704105	3.915451	2.173035	4.754451	Kras	plasma membrane	P32883	Kras
Reg3b	P35230	0.324	1.07e-15	-1.62593428177746	14.9706162223148	10090.ENSMUSP00000094667	1.047978	1.46878	0.976537	0.574372	5	NA	0.790748	1.135229	1.670192	NA	1.725231	Reg3b	extracellular	P35230	Reg3b
Ptpn11	P35235	0.438	0.00159	-1.19099722506091	2.79860287567955	10090.ENSMUSP00000098333	2.498394	4.750308	2.258153	2.026596	2.738195	1.694374	2.024367	4.566482	4.590206	1.324882	4.571917	Ptpn11	cytosol	P35235	Ptpn11
Ptpn1	P35821	5.931	0.00766	2.56827537178828	2.1157712303674	10090.ENSMUSP00000029053	2.249161	4.652365	4.508745	4.403284	2.371929	1.519445	1.936967	4.481195	2.573023	1.841995	4.524449	Ptpn1	cytosol	P35821	Ptpn1
Tagln	P37804	1.605	0.0379	0.682573297347578	1.42136079003193	10090.ENSMUSP00000034590	4.123286	3.647672	1.794782	1.054224	2.523679	1.006274	1.402454	2.110117	3.026037	1.056316	2.168188	Tagln	cytoskeleton	P37804	Tagln
Cox6a1	P43024	9.013	3.41e-09	3.17200739069316	8.4672456210075	10090.ENSMUSP00000047661	1.103312	1.172077	0.928085	0.644346	1.160162	0.521819	0.665411	4.761169	1.613359	NA	0.986797	Cox6a1	mitochondrion	P43024	Cox6a1
Tes	P47226	12.333	1.79e-05	3.62445187262301	4.74714696902011	10090.ENSMUSP00000111127	1.443304	4.662945	0.711086	NA	1.15868	NA	NA	0.918889	3.427849	NA	4.263662	Tes	cytosol	P47226	Tes
Capza1	P47753	2.34	0.0113	1.22650852980868	1.94692155651658	10090.ENSMUSP00000102381	5	4.601767	0.950537	0.942828	0.973385	NA	0.649756	1.103527	1.48533	0.1875	1.309459	Capza1	cytoskeleton	P47753	Capza1
Srprb	P47758	0.204	1.07e-15	-2.29335894269059	14.9706162223148	10090.ENSMUSP00000035157	4.119016	1.991609	3.579939	0.500444	0.1875	0.776714	NA	1.098406	0.776456	0.46875	0.5625	Srprb	cytoskeleton	P47758	Srprb
Rpl29	P47915	0.79	0.0462	-0.340075441597622	1.33535802444387	10090.ENSMUSP00000080203	1.388118	5	1.192329	NA	1.008065	NA	NA	1.37163	1.604421	NA	1.139924	Rpl29	cytosol	P47915	Rpl29
Rpl36	P47964	0.577	2.44e-06	-0.793356776016605	5.61261017366127	10090.ENSMUSP00000079340	1.086066	4.458015	4.220079	NA	0.709884	0.515934	0.509896	2.043122	4.479184	NA	0.800279	Rpl36	nucleus	P47964	Rpl36
Tbca	P48428	0.357	1.62e-05	-1.48600402063299	4.79048498545737	10090.ENSMUSP00000038781	5	2.423189	0.535846	NA	0.520662	NA	NA	1.515684	4.333524	NA	0.718988	Tbca	cytoskeleton	P48428	Tbca
Cox7a2	P48771	0.392	1.22e-11	-1.35107444054688	10.9136401693253	10090.ENSMUSP00000034881	0.968813	0.912368	0.828346	NA	0.860926	NA	0.513902	4.76035	1.343715	NA	0.924794	Cox7a2	mitochondrion	P48771	Cox7a2
Pklr	P53657	0.735	0.00858	-0.44418384493836	2.06651271215129	10090.ENSMUSP00000035417	1.324347	4.586859	1.291857	NA	1.97256	NA	0.887949	2.030388	2.599495	1.496661	5	Pklr	plasma membrane	P53657	Pklr
Cnbp	P53996	3.009	1.13e-08	1.58928410667125	7.94692155651658	10090.ENSMUSP00000032138	1.605713	5	5	0.535192	2.379858	0.565445	0.757698	1.412642	5	NA	1.502614	Cnbp	cytosol; endoplasmic reticulum; nucleus	P53996	Cnbp
Gcg	P55095	3.781	5.76e-05	1.91876784932515	4.23957751657679	10090.ENSMUSP00000099794	2.365073	2.726077	2.539978	1.753474	5	1.841902	2.113321	2.8191	2.903995	2.227948	2.749251	Gcg	extracellular	P55095	Gcg
Cox17	P56394	0.151	3.09e-08	-2.72737954533701	7.51004152057517	10090.ENSMUSP00000054086	1.224305	3.598762	1.275652	1.225046	1.98685	2.069786	1.283121	4.672606	1.55677	0.794638	1.622221	Cox17	mitochondrion	P56394	Cox17
Ube2g2	P60605	7.65	0.00515	2.93545974780529	2.28819277095881	10090.ENSMUSP00000133515	1.155985	5	5	1.202936	1.696856	1.154355	1.452631	1.288765	2.153187	1.724433	1.06041	Ube2g2	cytosol; endoplasmic reticulum	P60605	Ube2g2
Nploc4	P60670	2.828	0.016	1.49978212014731	1.79588001734408	10090.ENSMUSP00000099306	1.459938	4.561288	4.431923	1.558417	1.078116	1.51049	1.644675	1.577433	4.391222	0.896714	1.459406	Nploc4	cytosol	P60670	Nploc4
Rab5b	P61021	8.677	6.01e-05	3.1171963291633	4.22112552799726	10090.ENSMUSP00000000727	1.674002	3.1275	1.336359	4.472572	4.36129	1.672782	1.957243	3.482918	1.510046	NA	3.720415	Rab5b	endosome	P61021	Rab5b
Rpl37a	P61514	0.422	1.8e-05	-1.2446850959549	4.74472749489669	10090.ENSMUSP00000058919	1.221281	4.625145	0.956994	0.582616	2.589344	0.576014	NA	1.300214	1.789786	NA	1.026855	Rpl37a	cytosol	P61514	Rpl37a
Ap1s1	P61967	6.549	0.00504	2.71127463104986	2.29756946355447	10090.ENSMUSP00000106709	0.522944	3.575017	0.800377	3.545264	0.786558	5	3.507253	0.662303	1.992255	NA	5	Ap1s1	golgi apparatus; plasma membrane	P61967	Ap1s1
Rap1a	P62835	2.542	0.031	1.34596403034287	1.50863830616573	10090.ENSMUSP00000088174	2.113322	3.626603	1.303081	4.26109	2.007945	1.171153	1.216261	1.830639	2.65528	0.702005	5	Rap1a	plasma membrane	P62835	Rap1a
Rps24	P62849	2.11	8.65e-06	1.07724299893246	5.06298389253519	10090.ENSMUSP00000125977	1.296844	4.635356	4.204089	NA	0.987451	NA	NA	2.146369	1.626191	NA	0.91519	Rps24	cytosol	P62849	Rps24
Rac1	P63001	2.177	0.0233	1.12234140752612	1.63264407897398	10090.ENSMUSP00000079380	5	4.661816	2.460147	5	2.892986	4.398555	2.032922	2.668487	5	1.719717	5	Rac1	cytoskeleton; endosome; nucleus; plasma membrane	P63001	Rac1
Mapk1	P63085	NA	NA	NA	NA	10090.ENSMUSP00000065983	5	4.74271	2.022926	5	2.450966	5	2.082743	5	4.687252	1.441833	4.504143	Mapk1	cytoskeleton; endosome; golgi apparatus; mitochondrion	P63085	Mapk1
Stam	P70297	5.322	0.0135	2.41196851036013	1.86966623150499	10090.ENSMUSP00000100025	1.208666	3.324037	0.883287	4.458348	1.599142	1.416769	1.803446	0.850723	2.08319	NA	1.530409	Stam	endosome	P70297	Stam
Cuzd1	P70412	0.72	0.00513	-0.473931188332412	2.28988263488818	10090.ENSMUSP00000037168	NA	NA	NA	0.520707	1.278107	NA	0.541771	NA	0.714493	1.5	2.79126	Cuzd1	plasma membrane	P70412	Cuzd1
Serf2	P84102	0.26	0.000407	-1.94341647163363	3.39040559077478	10090.ENSMUSP00000123181	0.590147	4.140487	NA	NA	0.617648	NA	NA	0.584988	4.155015	NA	NA	Serf2	nucleus	P84102	Serf2
Srsf3	P84104	0.597	0.037	-0.744197163397282	1.43179827593301	10090.ENSMUSP00000117045	1.749937	3.10676	1.347251	0.633123	1.511757	0.664383	1.024204	1.516207	4.730137	NA	1.556411	Srsf3	nucleus	P84104	Srsf3
H3c13; H3c14; H3c15; H3c2; H3c3; H3c4; H3c6; H3c7	P84228	2.632	0.000219	1.39615948907315	3.65955588515988	10090.ENSMUSP00000074994	NA	NA	NA	NA	NA	NA	NA	NA	0.642779	NA	NA	Hist1h3f	nucleus	P84228	Hist1h3f
Psme2	P97372	2.616	0.0089	1.387362540836	2.05060999335509	10090.ENSMUSP00000100564	NA	1.828125	NA	NA	0.28125	NA	0.556642	0.375	1.3125	0.28125	NA	Psme2b	cytosol	P97372	Psme2b
Atp5pf	P97450	0.317	5.03e-09	-1.65744525452268	8.29843201494407	10090.ENSMUSP00000023608	1.238597	1.142078	1.100705	0.512338	4.224194	0.684612	0.793456	5	1.359712	0.581283	1.242304	Atp5j	mitochondrion	P97450	Atp5j
Ppp4c	P97470	0.184	0.0111	-2.44222232860507	1.95467702121334	10090.ENSMUSP00000032936	5	4.655536	0.573757	0.741063	1.43695	0.566766	0.740019	0.820691	5	0.564993	4.257053	Ppp4c	cytoskeleton; nucleus	P97470	Ppp4c
Coq7	P97478	0.232	0.00461	-2.10780328953451	2.33629907461035	10090.ENSMUSP00000032887	0.880197	1.477515	1.120414	NA	0.894336	0.637357	1.107726	4.706203	4.29077	1.051441	1.119359	Coq7	mitochondrion	P97478	Coq7
Uqcrh	P99028	0.616	0.0035	-0.698997743967186	2.45593195564972	10090.ENSMUSP00000077744	0.8867	1.574125	0.801568	NA	2.664152	NA	0.723773	5	1.560513	NA	0.885061	Uqcrh	mitochondrion	P99028	Uqcrh
Creb1	Q01147	6.806	0.00239	2.76680715130292	2.62160209905186	10090.ENSMUSP00000140112	2.899978	2.89451	2.718115	2.155523	2.967788	2.033186	2.3024	4.608034	5	2.205146	3.070192	Creb1	nucleus	Q01147	Creb1
Ank1	Q02357	0.365	0.00893	-1.45403163089471	2.04914854111145	10090.ENSMUSP00000113571	5	3.280103	4.373278	1.062653	1.981634	0.88513	1.350545	2.178139	4.633637	0.978064	4.497453	Ank1	cytoskeleton	Q02357	Ank1
Col6a1	Q04857	1.763	0.00595	0.818032474658094	2.22548303427145	10090.ENSMUSP00000001147	2.098729	1.863263	2.024391	0.764722	4.534256	1.112129	1.551688	2.328301	1.925684	1.369525	5	Col6a1	plasma membrane	Q04857	Col6a1
Fabp5	Q05816	1.616	0.0325	0.692427198089708	1.48811663902113	10090.ENSMUSP00000029046	1.87403	4.505994	1.923312	1.207062	5	1.274191	1.658119	2.417498	5	2.238186	2.1207	Fabp5	extracellular; nucleus	Q05816	Fabp5
Atp5me	Q06185	0.474	1.75e-05	-1.07704103576383	4.75696195131371	10090.ENSMUSP00000051222	0.952596	2.231213	0.925431	NA	1.175318	NA	NA	5	1.2254	NA	0.957253	Atp5k	mitochondrion	Q06185	Atp5k
Igf2r	Q07113	0.062	1.4e-07	-4.01158797427521	6.85387196432176	10090.ENSMUSP00000024599	2.035988	1.96505	2.059527	4.506303	4.606545	4.491317	2.639245	1.921505	5	1.069353	4.648433	Igf2r	nucleus	Q07113	Igf2r
Tff1	Q08423	0.123	4.32e-07	-3.02326977932285	6.36451625318509	10090.ENSMUSP00000024831	1.749815	1.481956	1.289988	0.500299	5	NA	0.615156	1.427678	2.297379	NA	2.245082	Tff1	extracellular	Q08423	Tff1
Reg2	Q08731	0.516	1.48e-08	-0.954557029238833	7.82973828460504	10090.ENSMUSP00000023906	1.027961	4	0.767295	NA	4.688167	NA	NA	1.09118	1.118219	NA	4.228617	Reg2	extracellular	Q08731	Reg2
Ctrc	Q3SYP2	11.519	1.07e-15	3.52594357228725	14.9706162223148	10090.ENSMUSP00000039879	1.148253	1.26411	1.401406	0.714991	3.271577	0.726537	1.425647	1.043016	1.317257	NA	1.724314	Ctrc	extracellular	Q3SYP2	Ctrc
Emc10	Q3TAS6	0.309	0.0461	-1.69432125675771	1.33629907461035	10090.ENSMUSP00000008284	0.720165	0.858824	4.264891	NA	5	1.343601	NA	0.903567	0.933497	NA	1.640222	Emc10	extracellular	Q3TAS6	Emc10
Fahd2	Q3TC72	3.966	1.65e-06	1.98768467756676	5.78251605578609	10090.ENSMUSP00000028848	NA	0.28125	NA	NA	NA	NA	NA	4.592016	NA	NA	NA	Fahd2a	mitochondrion	Q3TC72	Fahd2a
Kdm5a	Q3UXZ9	0.03	1.43e-12	-5.05889368905357	11.8446639625349	10090.ENSMUSP00000098558	1.598585	2.391906	0.985565	NA	1.288544	0.541474	0.801109	1.71471	5	NA	1.463143	Kdm5a	nucleus	Q3UXZ9	Kdm5a
Ncbp1	Q3UYV9	6.844	0.000701	2.77483975982733	3.15428198203334	10090.ENSMUSP00000030014	1.371628	4.485087	1.033824	NA	1.166461	NA	0.517317	4.237019	4.672723	NA	0.864157	Ncbp1	nucleus	Q3UYV9	Ncbp1
Cpa2	Q504N0	0.75	0.0145	-0.415037499278844	1.83863199776503	10090.ENSMUSP00000093771	0.726231	1.171283	0.843728	0.683841	4.571778	0.502349	0.952647	1.184606	1.285114	0.375	1.317107	Cpa2	extracellular	Q504N0	Cpa2
Pnliprp1	Q5BKQ4	0.672	0.000707	-0.573466861883327	3.1505805862031	10090.ENSMUSP00000045465	0.728767	1.000806	NA	NA	4.616664	NA	0.672157	1.076991	0.828089	0.1875	0.977495	Pnliprp1	extracellular	Q5BKQ4	Pnliprp1
Hspb6	Q5EBG6	20.018	4.11e-05	4.32322593648301	4.38615817812393	10090.ENSMUSP00000039172	2.042028	4.582437	1.805336	1.442988	4.429672	4.23451	1.4201	2.186067	4.519834	0.772554	1.717086	Hspb6	cytosol	Q5EBG6	Hspb6
Slc25a35	Q5SWT3	1.797	0.0154	0.845590408847855	1.81247927916354	10090.ENSMUSP00000099666	NA	0.375	0.75	NA	0.5625	NA	NA	4.323713	0.96569	1.081527	NA	Slc25a35	mitochondrion	Q5SWT3	Slc25a35
Irag2	Q60664	6.893	0.00557	2.78513201531599	2.25414480482627	10090.ENSMUSP00000032396	3.540471	1.428077	5	NA	0.757812	0.560974	NA	0.577861	5	NA	0.745159	Lrmp	endoplasmic reticulum; nucleus	Q60664	Lrmp
Igf1r	Q60751	NA	NA	NA	NA	10090.ENSMUSP00000005671	2.762992	2.630849	2.385508	2.037833	3.146464	1.862356	2.216645	2.532843	4.609162	1.880894	5	Igf1r	plasma membrane	Q60751	Igf1r
Akt2	Q60823	1.099	0.968	0.136191386287144	0.0141246426916063	10090.ENSMUSP00000103981	2.446615	4.778371	4.407594	3.706846	2.31115	1.402322	1.852435	4.487439	4.64798	2.006752	4.536583	Akt2	cytosol	Q60823	Akt2
Eif4ebp1	Q60876	0.517	0.0134	-0.951763814347152	1.87289520163519	10090.ENSMUSP00000033880	2.740404	4.603385	2.310494	2.017451	2.554594	1.530147	2.624825	3.417618	4.687571	1.834237	2.552324	Eif4ebp1	nucleus	Q60876	Eif4ebp1
Dmbt1	Q60997	0.601	1.32e-05	-0.734563103950902	4.87942606879415	10090.ENSMUSP00000081556	1.245325	1.509595	1.303843	0.876681	5	1.042825	1.236396	1.098455	1.695715	0.1875	3.138206	Dmbt1	extracellular	Q60997	Dmbt1
Alcam	Q61490	0.537	1.03e-07	-0.897006006676674	6.98716277529483	10090.ENSMUSP00000023312	2.597591	1.925066	1.905876	1.512782	2.964789	1.11191	1.712467	1.998988	2.471368	1.094879	5	Alcam	plasma membrane	Q61490	Alcam
Pzp	Q61838	0.435	1.07e-12	-1.200912693926	11.9706162223148	10090.ENSMUSP00000032510	2.101677	2.267953	2.072197	1.929882	5	1.910281	2.153943	2.627919	2.35979	1.410275	2.553189	Pzp	extracellular	Q61838	Pzp
Pea15	Q62048	5.317	0.00258	2.41061246642075	2.58838029403677	10090.ENSMUSP00000013842	5	4.670894	0.896693	0.908551	1.486593	NA	0.993098	1.558117	4.497283	NA	1.644551	Pea15a	cytoskeleton	Q62048	Pea15a
Ssr4	Q62186	1.757	0.00431	0.813114191346289	2.36552272983927	10090.ENSMUSP00000002090	0.937775	1.027277	4.609065	0.52331	0.63623	0.815449	NA	1.006985	1.209762	NA	3.204348	Ssr4	endoplasmic reticulum	Q62186	Ssr4
Snrpa	Q62189	0.101	3.34e-07	-3.30757280191029	6.47625353318844	10090.ENSMUSP00000079228	1.23072	0.808688	0.944288	0.783455	1.074514	NA	0.859671	1.020144	4.763404	NA	1.082519	Snrpa	nucleus	Q62189	Snrpa
Sh3gl1	Q62419	7.74	0.0257	2.95233356636969	1.59006687666871	10090.ENSMUSP00000003268	3.621954	4.6522	0.932174	3.696549	1.265723	1.430363	1.25447	0.925484	2.794562	NA	1.739427	Sh3gl1	cytosol	Q62419	Sh3gl1
Ndufa4	Q62425	2.767	1.34e-11	1.46832264394787	10.8728952016352	10090.ENSMUSP00000031637	1.25419	1.454991	1.371424	NA	3.152227	0.559035	0.982326	5	1.677379	1.052705	1.228249	Ndufa4	mitochondrion	Q62425	Ndufa4
Vil1	Q62468	0.499	4.55e-06	-1.00288827932483	5.34198860334289	10090.ENSMUSP00000027366	4.37626	3.545354	1.22516	0.923963	2.046554	0.868951	1.074865	2.405999	2.04715	0.546451	4.359427	Vil1	cytoskeleton	Q62468	Vil1
Cel	Q64285	0.643	0.000155	-0.63710935733414	3.80966830182971	10090.ENSMUSP00000028161	1.262652	4.314309	4.552978	1.238692	4.516963	4.224115	1.502606	1.622608	2.202699	1.129743	1.859251	Cel	endoplasmic reticulum	Q64285	Cel
Surf4	Q64310	2.096	1.13e-05	1.06763871687536	4.94692155651658	10090.ENSMUSP00000015011	1.02138	4.226745	4.442359	0.855139	1.045445	4.306997	0.901715	0.889822	4.199738	NA	2.786818	Surf4	endoplasmic reticulum	Q64310	Surf4
Sord	Q64442	1.845	0.00107	0.883620816285671	2.97061622231479	10090.ENSMUSP00000106180	1.3626	5	1.380179	0.56085	4.334716	0.684816	0.98119	5	1.879639	1.609822	1.596594	Sord	cytosol; mitochondrion	Q64442	Sord
Ahcyl2	Q68FL4	4.181	4.52e-10	2.06384804338205	9.34486156518862	10090.ENSMUSP00000110897	NA	5	3	NA	1.728869	NA	0.1875	0.984318	0.991627	0.5625	0.591499	Ahcyl2	cytosol	Q68FL4	Ahcyl2
Ltn1	Q6A009	2.096	0.00254	1.06763871687536	2.59516628338006	10090.ENSMUSP00000038775	0.980334	4.351088	1.455998	0.564461	0.816945	0.541818	0.931904	1.176312	2.514791	NA	0.5625	Ltn1	cytosol	Q6A009	Ltn1
FAM120A	Q6A0A9	1.821	0.00314	0.864730922314751	2.50307035192679	10090.ENSMUSP00000053877	0.834279	4.31875	NA	NA	0.636457	NA	NA	0.883264	4.004876	0.76005	3.336217	Fam120a	cytosol	Q6A0A9	Fam120a
Rbm26	Q6NZN0	0.146	0.00314	-2.77595972578207	2.50307035192679	10090.ENSMUSP00000097901	0.519528	1.421878	NA	NA	0.599661	0.453125	NA	NA	4.182991	NA	NA	Rbm26	nucleus	Q6NZN0	Rbm26
Snrnp200	Q6P4T2	3.021	0.00105	1.59502618406585	2.97881070093006	10090.ENSMUSP00000099509	1.107234	2.208533	0.67278	0.745317	0.698892	NA	0.617365	1.168434	4.670617	0.375	0.757506	Snrnp200	nucleus	Q6P4T2	Snrnp200
Alg8	Q6P8H8	3.704	0.000137	1.88908409859815	3.86327943284359	10090.ENSMUSP00000095901	0.856136	1.18072	3.692076	NA	0.935431	1.302446	0.663778	NA	0.919976	NA	3.413156	Alg8	endoplasmic reticulum	Q6P8H8	Alg8
Pnlip	Q6P8U6	0.767	0.0247	-0.382701517159154	1.60730304674033	10090.ENSMUSP00000056377	1.347556	2.109377	1.833922	0.885014	4.742276	1.215053	1.56429	2.18088	2.105202	1.786665	1.956898	Pnlip	extracellular	Q6P8U6	Pnlip
Dhx29	Q6PGC1	10.638	1.07e-15	3.41115503695776	14.9706162223148	10090.ENSMUSP00000035244	NA	4.311485	0.796733	0.793587	0.759606	NA	NA	4.205038	3.295607	0.604627	0.720884	Dhx29	cytosol	Q6PGC1	Dhx29
Ugt1a7	Q6ZQM8	0.349	0.0153	-1.51870105845243	1.8153085691824	10090.ENSMUSP00000058683	1.308502	1.58597	4.27657	NA	1.386243	0.529454	0.730989	4.332326	1.886235	1.075295	1.470574	Ugt1a7c	mitochondrion	Q6ZQM8	Ugt1a7c
Tmsb10	Q6ZWY8	0.206	7.94e-06	-2.27928375747887	5.1001794975729	10090.ENSMUSP00000109683	3.715995	1.23023	0.890012	0.708569	1.437537	NA	0.746759	1.510438	1.499152	NA	1.316785	Tmsb10	cytoskeleton	Q6ZWY8	Tmsb10
Ostc	Q78XF5	2.422	1.79e-05	1.27619886503224	4.74714696902011	10090.ENSMUSP00000046480	NA	NA	4	NA	NA	NA	0.28125	NA	NA	NA	2.4375	Ostc	endoplasmic reticulum	Q78XF5	Ostc
Cpa1	Q7TPZ8	0.664	0.00048	-0.590744853315162	3.31875876262441	10090.ENSMUSP00000031806	1.342675	1.220488	1.273251	0.915349	4.644571	0.801168	1.048651	1.247824	1.632673	NA	1.474632	Cpa1	extracellular	Q7TPZ8	Cpa1
Tmc4	Q7TQ65	0.206	0.0264	-2.27928375747887	1.57839607313017	10090.ENSMUSP00000043853	NA	NA	NA	NA	0.709664	NA	NA	0.599361	0.751803	1.254604	3.93165	Tmc4	plasma membrane	Q7TQ65	Tmc4
Fam98b	Q80VD1	10.884	8.56e-11	3.44413695658759	10.0675262353228	10090.ENSMUSP00000028825	0.718115	1.886094	NA	NA	NA	NA	NA	NA	4.5136	NA	NA	Fam98b	nucleus	Q80VD1	Fam98b
Sra1	Q80VJ2	0.438	0.0386	-1.19099722506091	1.41341269532825	10090.ENSMUSP00000133360	4.257854	4.513808	1.425295	1.213457	4.410236	0.696477	1.379343	1.389611	4.612331	0.950479	4.357238	Sra1	nucleus	Q80VJ2	Sra1
Nfasc	Q810U3	27.211	1.93e-09	4.76611807126662	8.71444269099223	10090.ENSMUSP00000092148	2.241439	1.346468	1.458377	1.004665	1.883256	1.174246	1.081411	1.263956	1.568868	0.63148	5	Nfasc	plasma membrane	Q810U3	Nfasc
Pld4	Q8BG07	8.059	0.00314	3.01060083322651	2.50307035192679	10090.ENSMUSP00000067002	0.887007	1.771023	5	5	1.330479	5	1.333659	1.105297	5	1.060899	1.339893	Pld4	endoplasmic reticulum; endosome; golgi apparatus; nucleus	Q8BG07	Pld4
Psmd11	Q8BG32	1.592	0.0455	0.670840335881562	1.34198860334289	10090.ENSMUSP00000017572	1.38404	2.639599	1.292843	0.79498	1.053186	0.616355	1.105916	1.185242	2.527508	0.575971	0.84934	Psmd11	cytosol	Q8BG32	Psmd11
Cstf2	Q8BIQ5	7.28	0.00431	2.86393845042397	2.36552272983927	10090.ENSMUSP00000033609	1.234242	1.987125	0.743266	NA	1.479416	NA	NA	0.929745	4.560432	NA	1.00477	Cstf2	nucleus	Q8BIQ5	Cstf2
Ces2e	Q8BK48	6.37	0.00393	2.67129337248158	2.40560744962457	10090.ENSMUSP00000034355	0.511109	1.146555	4.000518	NA	2.444927	NA	1.238452	0.970023	0.861149	0.1875	0.696393	Ces2e	endoplasmic reticulum	Q8BK48	Ces2e
Ahsa1	Q8BK64	6.031	0.00828	2.59239723519794	2.08196966321512	10090.ENSMUSP00000021425	1.434972	4.628455	3.739644	1.144387	1.41455	1.150929	1.42574	1.600552	2.593405	0.504223	1.65556	Ahsa1	cytosol	Q8BK64	Ahsa1
Srp68	Q8BMA6	1.733	0.00601	0.793271654498083	2.22112552799726	10090.ENSMUSP00000021133	0.558942	4.563794	3.671482	NA	0.580329	0.697729	NA	0.948105	4.231342	NA	0.934516	Srp68	cytosol	Q8BMA6	Srp68
Ilvbl	Q8BU33	17.086	3.77e-06	4.09474278238656	5.42365864979421	10090.ENSMUSP00000101023	NA	NA	4.075	NA	0.1875	0.1875	NA	0.1875	NA	0.1875	2.42333	Ilvbl	endoplasmic reticulum	Q8BU33	Ilvbl
Vps35l	Q8BWQ6	9.339	0.00844	3.22326807752825	2.07365755337434	10090.ENSMUSP00000051263	NA	1.010966	NA	4	NA	NA	NA	NA	NA	NA	2.8125	ENSMUSP00000051263	endosome	Q8BWQ6	Vps35l
Yipf4	Q8C407	9.737	1.07e-15	3.28347734193776	14.9706162223148	10090.ENSMUSP00000024873	NA	0.77732	4.192281	0.884924	NA	4.255994	NA	NA	NA	NA	4.54375	Yipf4	plasma membrane	Q8C407	Yipf4
Galnt6	Q8C7U7	0.32	0.0105	-1.64385618977472	1.97881070093006	10090.ENSMUSP00000056705	1.0117	1.039636	1.636799	NA	1.53907	4.662743	0.936395	1.263432	1.146766	NA	1.61901	Galnt6	golgi apparatus	Q8C7U7	Galnt6
Adprs	Q8CG72	3.342	0.000285	1.7407117333991	3.54515513999149	10090.ENSMUSP00000099677	1.099204	1.764187	0.902879	NA	2.010816	0.696789	0.584314	5	5	0.328125	1.035538	Adprhl2	mitochondrion; nucleus	Q8CG72	Adprhl2
Lonp1	Q8CGK3	1.762	0.0232	0.817213924258327	1.6345120151091	10090.ENSMUSP00000041814	1.401797	4.36733	1.770958	0.968574	1.257691	0.729245	1.4846	5	4.37319	1.419019	1.408549	Lonp1	mitochondrion	Q8CGK3	Lonp1
Plin1	Q8CGN5	2.421	0.00314	1.27560307933685	2.50307035192679	10090.ENSMUSP00000032762	1.947758	5	3.808865	1.425765	2.06451	1.300507	1.794298	2.501151	3.226174	2.047088	1.978808	Plin1	cytosol	Q8CGN5	Plin1
Ccar1	Q8CH18	4.929	3.28e-11	2.30129498100914	10.4841261562883	10090.ENSMUSP00000020268	1.467068	1.600726	0.670877	NA	1.053185	0.713961	NA	2.615755	4.698558	NA	1.117699	Ccar1	nucleus	Q8CH18	Ccar1
Aldh4a1	Q8CHT0	0.736	0.0273	-0.442222328605074	1.56383735295924	10090.ENSMUSP00000043821	1.290882	4.522963	1.168489	0.517845	1.292006	0.629276	0.894861	4.745	1.595502	1.48185	1.406892	Aldh4a1	mitochondrion	Q8CHT0	Aldh4a1
Acsl5	Q8JZR0	4.724	0.00397	2.24000896473507	2.40120949323688	10090.ENSMUSP00000046585	1.321646	1.77936	4.577006	0.882289	1.973443	1.8877	1.241506	4.48701	4.368983	2.344838	4.320284	Acsl5	endoplasmic reticulum	Q8JZR0	Acsl5
Fgb	Q8K0E8	0.575	3.24e-05	-0.79836613883035	4.48945498979339	10090.ENSMUSP00000039472	1.583102	1.40588	4.456432	0.893875	4.702034	1.51398	1.291153	1.550362	1.699412	0.980804	4.312353	Fgb	extracellular	Q8K0E8	Fgb
Erich5	Q8K0S2	0.633	8.86e-05	-0.659722595233746	4.05256627811295	10090.ENSMUSP00000058182	NA	0.796875	0.796875	NA	NA	NA	NA	1.59375	1.71457	0.796875	NA	Erich5	nucleus	Q8K0S2	Erich5
Ndufs8	Q8K3J1	3.405	0.0396	1.76765479823735	1.40230481407449	10090.ENSMUSP00000074600	1.191486	2.323884	0.925026	NA	0.99714	NA	0.672008	5	1.972996	1.163355	1.002849	Ndufs8	mitochondrion	Q8K3J1	Ndufs8
Wdr33	Q8K4P0	7.064	0.0333	2.82048534298638	1.47755576649368	10090.ENSMUSP00000025264	0.666656	1.816273	NA	NA	0.574099	NA	NA	0.46875	5	NA	0.650685	Wdr33	nucleus	Q8K4P0	Wdr33
Gpt	Q8QZR5	1.702	0.0295	0.767231037023876	1.53017798402184	10090.ENSMUSP00000023203	1.082025	3.055884	1.032416	NA	5	NA	0.788379	2.194745	2.119085	0.614964	1.248161	Gpt	extracellular	Q8QZR5	Gpt
Stap2	Q8R0L1	0.317	0.0461	-1.65744525452268	1.33629907461035	10090.ENSMUSP00000038130	0.532009	2.065639	NA	NA	0.514132	NA	NA	0.17289	3.359764	NA	5	Stap2	plasma membrane	Q8R0L1	Stap2
Uqcr10	Q8R1I1	0.582	0.00631	-0.780908941753803	2.19997064075587	10090.ENSMUSP00000054856	0.878762	1.441084	0.761949	NA	1.024594	NA	NA	5	1.526968	1.03125	0.742107	Uqcr10	mitochondrion	Q8R1I1	Uqcr10
Actr1b	Q8R5C5	0.389	0.0135	-1.3621579396759	1.86966623150499	10090.ENSMUSP00000047326	4.55503	3.01657	NA	NA	0.805193	NA	NA	0.591825	1.191639	NA	0.913067	Actr1b	cytoskeleton	Q8R5C5	Actr1b
Ccdc9	Q8VC31	0.142	0.0031	-2.81603716515741	2.50863830616573	10090.ENSMUSP00000114088	NA	1.546875	NA	NA	NA	NA	NA	NA	4.621915	NA	NA	Ccdc9	nucleus	Q8VC31	Ccdc9
Ubxn4	Q8VCH8	6.875	0.000315	2.78135971352466	3.5016894462104	10090.ENSMUSP00000027592	0.951824	4.411905	4.361725	0.799245	1.081025	0.974727	0.982665	1.336301	3.913461	NA	0.836404	Ubxn4	cytosol	Q8VCH8	Ubxn4
Sycn	Q8VCK7	0.741	0.0108	-0.432454552356253	1.96657624451305	10090.ENSMUSP00000112770	0.979776	0.769263	0.808249	0.604862	3.349789	0.851948	0.889546	0.675439	0.593678	NA	1.659426	Sycn	extracellular	Q8VCK7	Sycn
Fgg	Q8VCM7	0.53	5.09e-07	-0.915935735211525	6.29328221766324	10090.ENSMUSP00000037018	1.574	1.38805	1.355926	0.705133	4.756493	0.873421	1.324456	1.460886	1.663918	0.881793	4.313254	Fgg	extracellular	Q8VCM7	Fgg
Ces1d	Q8VCT4	1.8	0.00593	0.84799690655495	2.22694530663574	10090.ENSMUSP00000034172	1.366589	5	5	0.999493	2.834243	1.477801	1.666336	1.981247	1.738884	1.781459	1.747832	Ces1d	cytosol; endoplasmic reticulum	Q8VCT4	Ces1d
Sgsm3	Q8VCZ6	0.696	0.00453	-0.522840788813359	2.34390179798717	10090.ENSMUSP00000043311	1.231411	4.473232	0.88013	1.242258	0.28125	0.957801	1.082092	0.612451	1.814196	0.375	1.039483	Sgsm3	cytosol	Q8VCZ6	Sgsm3
Tmem97	Q8VD00	2.179	2.36e-06	1.12366619645382	5.62708799702989	10090.ENSMUSP00000099532	1.567744	1.135085	4.264421	1.122057	1.203363	0.552302	4.237204	1.211671	4.30929	0.545237	4.71611	Tmem97	plasma membrane	Q8VD00	Tmem97
Nit1	Q8VDK1	2.598	0.000137	1.37740143078579	3.86327943284359	10090.ENSMUSP00000106926	1.143615	2.322441	1.674155	0.639502	1.440582	1.012949	0.743053	5	2.017757	0.782305	1.476968	Nit1	mitochondrion	Q8VDK1	Nit1
Chchd4	Q8VEA4	0.332	0.021	-1.59074485331516	1.67778070526608	10090.ENSMUSP00000041380	1.223309	3.047262	1.599919	0.633886	2.18053	0.797087	0.99466	5	1.872108	1.08375	1.245367	Chchd4	mitochondrion	Q8VEA4	Chchd4
Pxn	Q8VI36	0.514	0.00401	-0.960159735468209	2.39685562737982	10090.ENSMUSP00000083709	4.637933	4.763052	1.939187	1.978511	2.457768	1.799708	1.882805	1.920036	4.041945	0.823069	4.602978	Pxn	cytosol	Q8VI36	Pxn
Sfpq	Q8VIJ6	0.769	0.0257	-0.37894449670026	1.59006687666871	10090.ENSMUSP00000030623	1.685133	1.532458	1.206693	0.963282	1.328071	0.568364	1.037513	1.621615	5	NA	1.409405	Sfpq	nucleus	Q8VIJ6	Sfpq
Acly	Q91V92	0.729	0.00694	-0.45600928033515	2.15864052954515	10090.ENSMUSP00000103012	1.975456	4.72464	2.26129	1.218966	2.378092	1.52999	1.83522	4.584785	4.503113	2.677879	2.46054	Acly	cytosol	Q91V92	Acly
Sh3bgrl3	Q91VW3	0.517	0.00237	-0.951763814347152	2.6252516539899	10090.ENSMUSP00000030651	0.867042	2.40808	NA	NA	0.865095	NA	NA	2.222579	4.284949	0.28125	0.505077	Sh3bgrl3	nucleus	Q91VW3	Sh3bgrl3
Ubap2	Q91VX2	5.864	3.75e-06	2.55188510347172	5.42596873227228	10090.ENSMUSP00000030143	0.888223	NA	NA	NA	0.799576	NA	NA	0.788901	4.160076	0.526913	0.836374	Ubap2	nucleus	Q91VX2	Ubap2
Rbm47	Q91WT8	2.932	0.00375	1.55188510347172	2.42596873227228	10090.ENSMUSP00000092349	1.128123	0.634949	NA	NA	0.896301	NA	NA	0.948966	5	0.782244	0.628948	Rbm47	nucleus	Q91WT8	Rbm47
Cbs	Q91WT9	0.787	0.0431	-0.345564459154601	1.36552272983927	10090.ENSMUSP00000066878	2.09164	3.279097	2.379785	1.642314	2.437178	1.921288	1.855622	2.934644	4.483004	2.220953	2.79099	Cbs	nucleus	Q91WT9	Cbs
Hpx	Q91X72	0.652	0.000388	-0.617056130431009	3.41116827440579	10090.ENSMUSP00000033185	1.96205	2.560871	1.838648	1.749732	5	1.368624	2.477634	1.908636	1.990245	1.020842	2.88869	Hpx	extracellular	Q91X72	Hpx
Cela1	Q91X79	0.583	3.68e-06	-0.778432211461591	5.43415218132648	10090.ENSMUSP00000023775	1.21472	1.058395	0.984995	NA	4.379633	0.689243	0.555159	0.856404	1.435269	NA	1.303421	Cela1	extracellular	Q91X79	Cela1
Aldob	Q91Y97	3.365	8.81e-07	1.75060650483559	6.05502409158795	10090.ENSMUSP00000029987	4.291843	5	4.295138	0.516994	1.551766	0.565396	4.209634	1.935292	4.498919	1.51879	4.274151	Aldob	cytosol	Q91Y97	Aldob
Synpo2	Q91YE8	17.052	1.07e-15	4.09186905530185	14.9706162223148	10090.ENSMUSP00000102034	4.345178	4.628165	1.08467	NA	0.889876	NA	1.061236	1.802105	5	NA	1.270094	Synpo2	nucleus	Q91YE8	Synpo2
Ugp2	Q91ZJ5	2.487	0.00393	1.31440650755482	2.40560744962457	10090.ENSMUSP00000099939	1.172466	3.357605	1.54309	0.803787	1.349667	1.18583	0.785041	1.643158	1.737218	1.190734	1.349736	Ugp2	cytosol	Q91ZJ5	Ugp2
Tf	Q921I1	0.784	0.0396	-0.351074440546879	1.40230481407449	10090.ENSMUSP00000035158	1.869946	1.904277	1.593431	5	5	1.862735	1.973508	1.525735	1.803942	1.032683	5	Trf	endosome; extracellular; plasma membrane	Q921I1	Trf
Ddx27	Q921N6	10.203	0.00528	3.35092150676691	2.27736607746619	10090.ENSMUSP00000018143	0.685758	0.615877	NA	NA	NA	NA	NA	NA	4.69802	NA	NA	Ddx27	nucleus	Q921N6	Ddx27
Tor1aip1	Q921T2	8.059	3.36e-05	3.01060083322651	4.47366072261016	10090.ENSMUSP00000027738	1.133475	1.125	1.319167	0.519807	NA	NA	NA	0.640625	5	0.375	1.038735	Tor1aip1	nucleus	Q921T2	Tor1aip1
Clip1	Q922J3	0.497	0.000572	-1.0086822430998	3.24260397120698	10090.ENSMUSP00000107192	5	3.338052	1.154045	4.329131	1.229194	1.913345	1.367067	1.317129	4.655916	0.640069	1.820193	Clip1	cytoskeleton	Q922J3	Clip1
Wdr77	Q99J09	11.293	0.00373	3.49735688570962	2.42829116819131	10090.ENSMUSP00000010278	1.360241	4.355244	0.63672	NA	1.577427	4.131411	NA	0.964109	4.558151	0.375	1.231567	Wdr77	nucleus	Q99J09	Wdr77
Thumpd1	Q99J36	5.175	0.0257	2.37155886261196	1.59006687666871	10090.ENSMUSP00000033236	0.554814	0.865128	0.46875	NA	NA	NA	NA	0.375	2.648885	NA	1.843708	Thumpd1	nucleus	Q99J36	Thumpd1
Rap1b	Q99JI6	3.822	0.0461	1.93432777831537	1.33629907461035	10090.ENSMUSP00000066238	2.064633	4.703264	1.472956	1.441697	1.815696	1.121423	1.333836	1.80562	2.58551	0.805219	3.856109	Rap1b	cytosol	Q99JI6	Rap1b
Sntb1	Q99L88	1.718	0.0363	0.780730036476377	1.44009337496389	10090.ENSMUSP00000041294	3.581186	1.548068	1.289775	NA	1.713371	NA	0.541526	1.171302	1.604773	0.3125	3.734429	Sntb1	plasma membrane	Q99L88	Sntb1
Hgs	Q99LI8	0.521	0.00852	-0.940644722383579	2.0695604052333	10090.ENSMUSP00000026900	1.726537	4.467054	1.555808	5	2.078164	1.646905	4.448861	1.593304	2.598415	NA	1.950475	Hgs	endosome	Q99LI8	Hgs
Raf1	Q99N57	NA	NA	NA	NA	10090.ENSMUSP00000000451	2.335899	4.748012	1.806386	1.599908	2.10916	4.275318	1.661683	3.843898	4.017182	0.9657	4.485762	Raf1	cytosol	Q99N57	Raf1
Cox6c	Q9CPQ1	0.413	4.48e-14	-1.27578631324264	13.3487219860019	10090.ENSMUSP00000014457	1.317536	1.349247	1.667227	NA	1.10802	NA	0.698653	4.761209	1.742735	1.052394	1.38671	Cox6c	mitochondrion	Q9CPQ1	Cox6c
Cela3b	Q9CQ52	0.636	0.000108	-0.652901329377732	3.96657624451305	10090.ENSMUSP00000099581	0.774947	0.67218	0.654002	NA	4.338143	NA	NA	0.887873	1.018906	NA	0.954144	Cela3b	extracellular	Q9CQ52	Cela3b
Use1	Q9CQ56	4.455	0.0257	2.1554254317472	1.59006687666871	10090.ENSMUSP00000019169	1.344397	2.346389	4.297621	1.24226	1.247939	4.286993	1.124892	1.318368	2.855448	0.65625	4.276773	Use1	endoplasmic reticulum	Q9CQ56	Use1
Uqcrq	Q9CQ69	0.59	0.0115	-0.761213140412883	1.93930215964639	10090.ENSMUSP00000053145	1.06794	1.825921	0.949644	NA	1.009765	NA	0.73142	5	1.484337	1.446339	0.856226	Uqcrq	mitochondrion	Q9CQ69	Uqcrq
Fis1	Q9CQ92	0.515	0.011	-0.957355662591506	1.95860731484178	10090.ENSMUSP00000019198	2.167401	3.228946	3.428117	1.594971	1.832832	1.442281	2.301616	5	2.704784	4.746905	2.037326	Fis1	mitochondrion	Q9CQ92	Fis1
Clps	Q9CQC2	2.992	1.09e-13	1.58111017522555	12.9625735020594	10090.ENSMUSP00000025062	1.027282	1.450594	1.243045	0.69146	4.435771	0.86958	1.040196	1.32568	1.428756	0.926522	1.468305	Clps	extracellular	Q9CQC2	Clps
Bzw1	Q9CQC6	1.657	0.0378	0.728573602559365	1.42250820016277	10090.ENSMUSP00000051935	0.626513	0.84375	0.515625	NA	NA	NA	NA	1.650359	2.012807	NA	NA	Bzw1	nucleus	Q9CQC6	Bzw1
Mtres1	Q9CQF4	0.555	0.00314	-0.849440323424619	2.50307035192679	10090.ENSMUSP00000019932	NA	0.375	NA	NA	NA	NA	NA	4.587274	0.968647	NA	NA	ENSMUSP00000019932	mitochondrion	Q9CQF4	Mtres1
Cotl1	Q9CQI6	2.139	0.0015	1.09693648250296	2.82390874094432	10090.ENSMUSP00000034285	3.635031	4.614473	0.943655	NA	1.009532	0.857008	0.579217	0.991044	3.97965	NA	3.873647	Cotl1	cytosol	Q9CQI6	Cotl1
Gkn2	Q9CQS6	0.043	1.07e-15	-4.53951952995999	14.9706162223148	10090.ENSMUSP00000032128	0.78136	0.681589	0.723967	NA	4.182438	3	NA	NA	1.004791	NA	1.460493	Gkn2	extracellular	Q9CQS6	Gkn2
Uqcc2	Q9CQY6	0.01	1.07e-15	-6.64385618977472	14.9706162223148	10090.ENSMUSP00000025045	0.841548	1.810075	0.660191	NA	1.108407	NA	NA	5	4.566075	NA	0.812494	Uqcc2	mitochondrion	Q9CQY6	Uqcc2
Ctrb1	Q9CR35	0.65	0.000232	-0.62148837674627	3.6345120151091	10090.ENSMUSP00000034435	1.002452	0.915021	1.1991	NA	4.404669	NA	4.149949	1.078356	1.195482	NA	1.888519	Ctrb1	extracellular	Q9CR35	Ctrb1
Gkn1	Q9CR36	0.064	1.07e-15	-3.96578428466209	14.9706162223148	10090.ENSMUSP00000032129	1.283367	0.833906	0.640724	NA	4.686525	3.213973	NA	0.899521	1.33568	NA	1.082782	Gkn1	extracellular	Q9CR36	Gkn1
Slc25a11	Q9CR62	1.711	0.0445	0.774839759827326	1.35163998901907	10090.ENSMUSP00000014750	1.107332	3.214567	1.280021	NA	1.17608	NA	0.861941	4.572437	1.607495	1.098222	1.184003	Slc25a11	mitochondrion	Q9CR62	Slc25a11
Golga1	Q9CW79	0.511	0.00658	-0.968604803724466	2.18177410638604	10090.ENSMUSP00000037735	2.034242	2.88561	2.152259	2.332655	1.47549	5	2.103712	1.678155	3.170059	0.955325	1.976781	Golga1	golgi apparatus	Q9CW79	Golga1
Ddah1	Q9CWS0	11.699	1.49e-05	3.54831331215775	4.82681373158773	10090.ENSMUSP00000029845	1.545489	2.351318	1.105947	0.546596	1.694316	NA	0.714393	4.352581	2.503946	NA	1.437275	Ddah1	mitochondrion	Q9CWS0	Ddah1
Rbm8a	Q9CWZ3	22.563	1.07e-15	4.49588699761416	14.9706162223148	10090.ENSMUSP00000044548	1.468529	3.854058	0.691382	NA	0.874335	NA	NA	1.043588	5	0.654568	0.921736	Rbm8a	nucleus	Q9CWZ3	Rbm8a
Eef1akmt1	Q9CY45	10.504	0.00373	3.3928669162308	2.42829116819131	10090.ENSMUSP00000022518	NA	1.747446	NA	NA	1.03125	NA	NA	NA	1.732142	NA	NA	N6amt2	cytosol	Q9CY45	N6amt2
Naxd	Q9CZ42	1.948	0.000609	0.961993677420255	3.21538270736712	10090.ENSMUSP00000033901	NA	0.799247	0.46875	NA	2.15625	NA	0.28125	4.191978	0.502593	NA	1.392626	Carkd	mitochondrion	Q9CZ42	Carkd
Necap2	Q9D1J1	9.433	0.0115	3.23771666769931	1.93930215964639	10090.ENSMUSP00000030760	NA	1.893594	NA	1.026967	0.375	NA	NA	NA	1.453125	NA	3.321331	Necap2	plasma membrane	Q9D1J1	Necap2
Ephx1	Q9D379	1.866	0.00796	0.899948986189672	2.09908693226233	10090.ENSMUSP00000047551	1.312307	1.672794	4.002961	NA	1.934949	0.634672	1.031058	1.742402	1.833109	2.332896	4.32534	Ephx1	plasma membrane	Q9D379	Ephx1
Fundc2	Q9D6K8	2.391	5.65e-05	1.25761413004954	4.24795155218056	10090.ENSMUSP00000033541	NA	2.390625	0.696165	NA	0.28125	NA	NA	4.234945	3.748427	1.189712	0.594363	Fundc2	mitochondrion	Q9D6K8	Fundc2
Uqcrb	Q9D855	0.646	0.000609	-0.630393929968162	3.21538270736712	10090.ENSMUSP00000021993	0.531658	1.554072	0.527162	NA	NA	NA	0.702998	5	1.815618	0.533789	NA	Uqcrb	mitochondrion	Q9D855	Uqcrb
Ppih	Q9D868	0.12	1.07e-15	-3.05889368905357	14.9706162223148	10090.ENSMUSP00000101924	0.843614	1.785537	0.924083	NA	0.785286	NA	NA	1.989511	4.434204	NA	0.732597	Ppih	nucleus	Q9D868	Ppih
Ndufa11	Q9D8B4	19.992	1.07e-15	4.32135090142462	14.9706162223148	10090.ENSMUSP00000002452	0.885874	1.834096	0.712688	NA	2.249839	NA	NA	5	1.802348	0.586368	0.822999	Ndufa11	mitochondrion	Q9D8B4	Ndufa11
Mzb1	Q9D8I1	0.265	0.0145	-1.91593573521153	1.83863199776503	10090.ENSMUSP00000025211	0.782652	1.099589	5	0.516936	5	NA	0.548761	1.467993	1.391562	NA	1.446514	Mzb1	endoplasmic reticulum; extracellular	Q9D8I1	Mzb1
Tmem41a	Q9D8U2	0.279	7.84e-05	-1.8416629728329	4.10568393731556	10090.ENSMUSP00000023562	NA	NA	0.830156	NA	0.1875	0.28125	NA	NA	0.517175	NA	2.631935	Tmem41a	plasma membrane	Q9D8U2	Tmem41a
Snx5	Q9D8U8	0.17	1.07e-15	-2.55639334852439	14.9706162223148	10090.ENSMUSP00000105657	1.622807	4.672882	1.209381	4.470243	1.170586	2.06268	1.956808	1.128295	2.879324	0.70905	5	Snx5	plasma membrane	Q9D8U8	Snx5
Hm13	Q9D8V0	1.667	0.016	0.73725410432433	1.79588001734408	10090.ENSMUSP00000086460	1.14419	1.740532	5	1.413918	1.47487	1.591371	1.463469	1.320559	1.519413	NA	4.454623	H13	endoplasmic reticulum	Q9D8V0	H13
Dcps	Q9DAR7	6.041	0.00765	2.59478738657447	2.11633856484638	10090.ENSMUSP00000034539	1.086095	4.493363	0.577313	NA	1.390633	NA	0.71872	4.179275	4.539003	NA	0.991501	Dcps	nucleus	Q9DAR7	Dcps
Gng12	Q9DAS9	0.557	0.0319	-0.844250767322055	1.49620931694282	10090.ENSMUSP00000109863	4.234698	2.450205	0.757095	NA	1.645794	NA	NA	1.501664	1.932863	NA	3.500826	Gng12	cytoskeleton	Q9DAS9	Gng12
Iah1	Q9DB29	2.64	0.0169	1.40053792958373	1.77211329538633	10090.ENSMUSP00000076090	NA	1.389748	0.238687	NA	1.6875	NA	NA	0.375	NA	0.421875	0.19242	Iah1	extracellular	Q9DB29	Iah1
Cyp27a1	Q9DBG1	5.561	0.00484	2.47534433714261	2.31515463835559	10090.ENSMUSP00000027356	1.42326	1.914914	2.019873	1.238598	2.222475	1.141714	1.616637	4.757806	2.509824	2.864785	2.149033	Cyp27a1	mitochondrion	Q9DBG1	Cyp27a1
Rpn2	Q9DBG6	1.744	0.00522	0.802400040114839	2.28232949699774	10090.ENSMUSP00000112081	1.159343	1.09753	4.457579	0.821199	0.898793	1.200114	0.901829	1.479758	4.233245	0.28125	2.378161	Rpn2	endoplasmic reticulum	Q9DBG6	Rpn2
Tmem43	Q9DBS1	0.471	0.0257	-1.0862010350493	1.59006687666871	10090.ENSMUSP00000032183	1.741253	0.954434	5	0.514804	0.884844	4.118369	0.500098	1.023316	5	1.101365	3.196648	Tmem43	endoplasmic reticulum; nucleus	Q9DBS1	Tmem43
Ssr3	Q9DCF9	11.201	1.07e-15	3.48555563347727	14.9706162223148	10090.ENSMUSP00000029414	0.876127	1.362161	4.084203	0.702427	0.636814	0.971622	NA	0.941375	1.278642	NA	2.47735	Ssr3	endoplasmic reticulum	Q9DCF9	Ssr3
Trmt112	Q9DCG9	0.775	0.0311	-0.367731784500487	1.50723961097316	10090.ENSMUSP00000112250	0.545025	1.537194	NA	NA	NA	NA	NA	2.943543	4.317906	NA	NA	Trmt112	nucleus	Q9DCG9	Trmt112
Emc7	Q9EP72	0.342	0.000159	-1.54793176977619	3.79860287567955	10090.ENSMUSP00000068610	0.518247	0.613494	4.256393	NA	1.53028	NA	NA	0.839237	0.598771	NA	2.425425	Emc7	endoplasmic reticulum	Q9EP72	Emc7
Exosc9	Q9JHI7	0.109	1.07e-15	-3.19759995988516	14.9706162223148	10090.ENSMUSP00000029269	1.033458	4.498548	0.61979	NA	1.829962	NA	NA	0.711064	4.564887	NA	1.471051	Exosc9	nucleus	Q9JHI7	Exosc9
Isyna1	Q9JHU9	2.223	0.000295	1.1525079483649	3.53017798402184	10090.ENSMUSP00000019283	1.176936	3.255575	2.025496	0.823546	1.210784	0.830856	0.902553	1.286595	2.321483	1.096354	1.370833	Isyna1	cytosol	Q9JHU9	Isyna1
Ngly1	Q9JI78	3.811	0.000659	1.93016960815008	3.18111458540599	10090.ENSMUSP00000022310	0.989768	4.184256	1.950213	0.933466	1.038931	1.138609	1.365697	1.374296	4.503211	NA	1.113215	Ngly1	nucleus	Q9JI78	Ngly1
Rnase4	Q9JJH1	7.643	0.0267	2.93413903035397	1.57348873863542	10090.ENSMUSP00000127274	NA	NA	NA	NA	5	NA	NA	0.64461	0.884047	NA	NA	Rnase4	extracellular	Q9JJH1	Rnase4
mTor	Q9JLN9	NA	NA	NA	NA	10090.ENSMUSP00000099510	3.099289	5	4.192691	2.704262	3.078589	3.926555	4.660828	4.37546	5	2.574098	3.974588	Mtor	cytosol; nucleus	Q9JLN9	Mtor
Bag3	Q9JLV1	0.365	1.46e-05	-1.45403163089471	4.83564714421556	10090.ENSMUSP00000033136	4.448137	4.668534	1.971143	1.614146	1.783799	1.42057	2.261249	2.112509	4.581017	1.22633	1.86517	Bag3	cytosol	Q9JLV1	Bag3
Ppie	Q9QZH3	20.915	2.71e-05	4.38646609286931	4.56703070912559	10090.ENSMUSP00000030404	1.359004	4.588061	0.720089	0.646379	1.01429	NA	0.770335	1.100254	4.726107	NA	1.162221	Ppie	nucleus	Q9QZH3	Ppie
Mfap5	Q9QZJ6	3.074	0.00101	1.62011716502868	2.99567862621736	10090.ENSMUSP00000122863	1.536914	0.536138	0.977288	0.628138	4.454037	0.697626	0.766949	1.111281	1.503072	NA	1.564282	Mfap5	extracellular	Q9QZJ6	Mfap5
Afdn	Q9QZQ1	0.75	0.0145	-0.415037499278844	1.83863199776503	10090.ENSMUSP00000118318	2.448307	4.699679	1.578974	1.619083	2.156855	1.439154	1.478507	1.434209	4.669068	NA	4.499425	Mllt4	cytosol	Q9QZQ1	Mllt4
Macroh2a1	Q9QZQ8	1.647	0.0361	0.719840555064268	1.44249279809434	10090.ENSMUSP00000016081	5	2.181767	0.739557	NA	1.044391	NA	0.783202	3.223114	5	NA	0.901756	H2afy	cytoskeleton; nucleus	Q9QZQ8	H2afy
Acox1	Q9R0H0	71.571	1.07e-15	6.16130323221928	14.9706162223148	10090.ENSMUSP00000063325	1.76204	4.65471	2.125011	0.80431	2.309352	1.113499	1.633475	4.569153	3.096655	5	2.04403	Acox1	peroxisome	Q9R0H0	Acox1
Tpk1	Q9R0M5	4.818	5.36e-10	2.26843439357638	9.27083521030723	10090.ENSMUSP00000065631	2.022213	3.021924	0.886725	0.600608	1.027982	NA	0.684702	1.661562	1.933507	0.854118	1.161615	Tpk1	cytosol	Q9R0M5	Tpk1
Lemd3	Q9WU40	40.943	1.07e-15	5.35554491113617	14.9706162223148	10090.ENSMUSP00000113103	1.753811	1.371128	1.71653	0.992676	1.167321	1.168159	0.879413	0.899455	5	NA	3.30865	Lemd3	nucleus	Q9WU40	Lemd3
Akt3	Q9WUA6	NA	NA	NA	NA	10090.ENSMUSP00000106789	2.206258	3.812773	1.7037	1.470925	2.07779	1.782137	1.755522	2.214781	4.127228	1.179456	4.479471	Akt3	plasma membrane	Q9WUA6	Akt3
Ehd1	Q9WVK4	2.406	0.0447	1.26663664251399	1.34969247686806	10090.ENSMUSP00000025684	1.954926	3.428386	1.727003	5	1.729532	1.938613	1.927381	1.68457	2.336708	0.552681	5	Ehd1	endosome; plasma membrane	Q9WVK4	Ehd1
Aifm1	Q9Z0X1	1.781	0.00528	0.832687516439532	2.27736607746619	10090.ENSMUSP00000041104	2.252944	5	4.487927	1.69578	2.29251	1.586621	2.273876	5	5	1.715848	2.455808	Aifm1	cytosol; mitochondrion; nucleus	Q9Z0X1	Aifm1
Dctn3	Q9Z0Y1	0.412	0.0232	-1.27928375747887	1.6345120151091	10090.ENSMUSP00000030158	5	4.4125	NA	0.812047	NA	0.589089	NA	0.698308	4.449326	NA	3.647986	Dctn3	cytoskeleton	Q9Z0Y1	Dctn3
Pla2g1b	Q9Z0Y2	19.145	1.07e-15	4.25889575507544	14.9706162223148	10090.ENSMUSP00000031495	1.276407	1.616392	1.330211	0.550431	5	NA	1.192447	1.787305	1.451264	1.049674	1.743977	Pla2g1b	extracellular	Q9Z0Y2	Pla2g1b
Atp6v1c1	Q9Z1G3	0.325	7.77e-06	-1.62148837674627	5.10957898119909	10090.ENSMUSP00000022904	1.306617	3.292181	0.903017	1.462046	1.248257	0.8789	1.790663	1.189561	2.40672	1.343747	5	Atp6v1c1	plasma membrane	Q9Z1G3	Atp6v1c1
Ndufa7	Q9Z1P6	0.357	7.47e-06	-1.48600402063299	5.1266793981846	10090.ENSMUSP00000039692	0.963452	1.138665	0.704618	NA	0.955008	NA	0.851979	4.704992	1.320279	0.857661	0.908958	Ndufa7	mitochondrion	Q9Z1P6	Ndufa7
Mecp2	Q9Z2D6	2.132	0.0184	1.09220743809709	1.73518217699046	10090.ENSMUSP00000033770	4.449101	5	1.592545	1.44848	2.262207	0.990533	1.506178	2.169944	5	1.145502	2.240034	Mecp2	cytosol; nucleus	Q9Z2D6	Mecp2
