#node1	node2	node1_string_id	node2_string_id	neighborhood_on_chromosome	gene_fusion	phylogenetic_cooccurrence	homology	coexpression	experimentally_determined_interaction	database_annotated	automated_textmining	combined_score	queryItem2	queryItem	Interaction_Type
Abcf1	Eif3h	10090.ENSMUSP00000036881	10090.ENSMUSP00000022925	0	0	0	0	0	0	0.54	0	0.54	Eif3h	Abcf1	PPI
Abcf1	Eef2	10090.ENSMUSP00000036881	10090.ENSMUSP00000046101	0	0	0	0	0	0.233	0.72	0	0.776	Eef2	Abcf1	PPI
Abcf1	Rpl6	10090.ENSMUSP00000036881	10090.ENSMUSP00000031617	0	0	0	0	0	0.216	0.72	0	0.771	Rpl6	Abcf1	PPI
Acin1	Srrm1	10090.ENSMUSP00000022793	10090.ENSMUSP00000125003	0	0	0	0	0	0.666	0	0	0.666	Srrm1	Acin1	PPI
Acin1	Srrm2	10090.ENSMUSP00000022793	10090.ENSMUSP00000085993	0	0	0	0	0	0.404	0	0	0.404	Srrm2	Acin1	PPI
Acin1	Zc3h18	10090.ENSMUSP00000022793	10090.ENSMUSP00000017622	0	0	0	0	0	0.498	0	0	0.497	Zc3h18	Acin1	PPI
Acin1	Prpf40a	10090.ENSMUSP00000022793	10090.ENSMUSP00000075655	0	0	0	0	0	0.404	0	0	0.404	Prpf40a	Acin1	PPI
Acin1	Pabpn1	10090.ENSMUSP00000022793	10090.ENSMUSP00000022808	0	0	0	0	0	0.56	0	0	0.56	Pabpn1	Acin1	PPI
Acin1	Srpk1	10090.ENSMUSP00000022793	10090.ENSMUSP00000116259	0	0	0	0	0	0.439	0	0	0.439	Srpk1	Acin1	PPI
Adam10	Ctnnd1	10090.ENSMUSP00000063839	10090.ENSMUSP00000064518	0	0	0	0	0	0	0.585	0	0.585	Ctnnd1	Adam10	PPI
Akap8	Eef1b	10090.ENSMUSP00000002699	10090.ENSMUSP00000116492	0	0	0	0	0	0.403	0	0	0.402	Eef1b	Akap8	PPI
Akt2	Akt3	10090.ENSMUSP00000103981	10090.ENSMUSP00000106789	0	0	0	0.978	0	0.273	0.952	0	0.964	Akt3	Akt2	PPI
Akt2	Ptges3	10090.ENSMUSP00000103981	10090.ENSMUSP00000050292	0	0	0	0	0	0.058	0.479	0	0.488	Ptges3	Akt2	PPI
Akt2	Dkc1	10090.ENSMUSP00000103981	10090.ENSMUSP00000033776	0	0	0	0	0	0.095	0.479	0	0.508	Dkc1	Akt2	PPI
Akt2	Itgb4	10090.ENSMUSP00000103981	10090.ENSMUSP00000102068	0	0	0	0	0	0.057	0.479	0	0.487	Itgb4	Akt2	PPI
Akt2	Hsp90aa1	10090.ENSMUSP00000103981	10090.ENSMUSP00000091921	0	0	0	0	0	0.478	0.815	0	0.899	Hsp90aa1	Akt2	PPI
Akt2	Igf1r	10090.ENSMUSP00000103981	10090.ENSMUSP00000005671	0	0	0	0.558	0	0.087	0.384	0	0.413	Igf1r	Akt2	PPI
Akt2	Gsk3b	10090.ENSMUSP00000103981	10090.ENSMUSP00000023507	0	0	0	0.588	0	0.528	0.932	0	0.966	Gsk3b	Akt2	PPI
Akt2	Mapk1	10090.ENSMUSP00000103981	10090.ENSMUSP00000065983	0	0	0	0.595	0	0.147	0.816	0	0.836	Mapk1	Akt2	PPI
Akt2	Raf1	10090.ENSMUSP00000103981	10090.ENSMUSP00000000451	0	0	0	0.588	0	0.434	0.891	0	0.935	Raf1	Akt2	PPI
Akt2	Eif4ebp1	10090.ENSMUSP00000103981	10090.ENSMUSP00000033880	0	0	0	0	0	0.402	0.479	0	0.675	Eif4ebp1	Akt2	PPI
Akt2	Hsp90ab1	10090.ENSMUSP00000103981	10090.ENSMUSP00000024739	0	0	0	0	0	0.478	0.789	0	0.885	Hsp90ab1	Akt2	PPI
Akt2	Insr	10090.ENSMUSP00000103981	10090.ENSMUSP00000088837	0	0	0	0.561	0	0.045	0.676	0	0.677	Insr	Akt2	PPI
Akt2	mTor	10090.ENSMUSP00000103981	10090.ENSMUSP00000099510	0	0	0	0	0	0.335	0.966	0	0.976	mTor	Akt2	PPI
Akt3	Hsp90ab1	10090.ENSMUSP00000106789	10090.ENSMUSP00000024739	0	0	0	0	0	0.59	0.791	0	0.911	Hsp90ab1	Akt3	PPI
Akt3	Gsk3b	10090.ENSMUSP00000106789	10090.ENSMUSP00000023507	0	0	0	0.589	0	0.237	0.905	0	0.924	Gsk3b	Akt3	PPI
Akt3	Igf1r	10090.ENSMUSP00000106789	10090.ENSMUSP00000005671	0	0	0	0.558	0	0.09	0.384	0	0.415	Igf1r	Akt3	PPI
Akt3	Hsp90aa1	10090.ENSMUSP00000106789	10090.ENSMUSP00000091921	0	0	0	0	0	0.727	0.817	0	0.948	Hsp90aa1	Akt3	PPI
Akt3	Dkc1	10090.ENSMUSP00000106789	10090.ENSMUSP00000033776	0	0	0	0	0	0.095	0.547	0	0.572	Dkc1	Akt3	PPI
Akt3	Ptges3	10090.ENSMUSP00000106789	10090.ENSMUSP00000050292	0	0	0	0	0	0.058	0.547	0	0.555	Ptges3	Akt3	PPI
Akt3	Mapk1	10090.ENSMUSP00000106789	10090.ENSMUSP00000065983	0	0	0	0.602	0	0.147	0.816	0	0.836	Mapk1	Akt3	PPI
Akt3	Insr	10090.ENSMUSP00000106789	10090.ENSMUSP00000088837	0	0	0	0.563	0	0.045	0.547	0	0.548	Insr	Akt3	PPI
Akt3	Itgb4	10090.ENSMUSP00000106789	10090.ENSMUSP00000102068	0	0	0	0	0	0.057	0.547	0	0.554	Itgb4	Akt3	PPI
Akt3	Parva	10090.ENSMUSP00000106789	10090.ENSMUSP00000033030	0	0	0	0	0	0	0.547	0	0.547	Parva	Akt3	PPI
Akt3	Raf1	10090.ENSMUSP00000106789	10090.ENSMUSP00000000451	0	0	0	0.593	0	0.574	0.905	0	0.958	Raf1	Akt3	PPI
Akt3	Eif4ebp1	10090.ENSMUSP00000106789	10090.ENSMUSP00000033880	0	0	0	0	0	0.259	0.547	0	0.649	Eif4ebp1	Akt3	PPI
Akt3	mTor	10090.ENSMUSP00000106789	10090.ENSMUSP00000099510	0	0	0	0	0	0.456	0.952	0	0.973	mTor	Akt3	PPI
Apoe	Bin1	10090.ENSMUSP00000133302	10090.ENSMUSP00000025239	0	0	0	0	0	0	0.54	0	0.54	Bin1	Apoe	PPI
Apoe	Map2	10090.ENSMUSP00000133302	10090.ENSMUSP00000076577	0	0	0	0	0	0.497	0	0	0.497	Map2	Apoe	PPI
Atp2a2	Atp2b1	10090.ENSMUSP00000031423	10090.ENSMUSP00000020107	0	0	0	0.67	0	0.654	0	0	0.654	Atp2b1	Atp2a2	PPI
Atp2a2	Bin1	10090.ENSMUSP00000031423	10090.ENSMUSP00000025239	0	0	0	0	0	0.401	0	0	0.4	Bin1	Atp2a2	PPI
Atp2a2	Canx	10090.ENSMUSP00000031423	10090.ENSMUSP00000020637	0	0	0	0	0	0.527	0	0	0.527	Canx	Atp2a2	PPI
Atxn2l	Ncl	10090.ENSMUSP00000035415	10090.ENSMUSP00000027438	0	0	0	0	0	0.402	0	0	0.402	Ncl	Atxn2l	PPI
Atxn2l	G3bp2	10090.ENSMUSP00000035415	10090.ENSMUSP00000128244	0	0	0	0	0	0.721	0	0	0.721	G3bp2	Atxn2l	PPI
Atxn2l	Pabpc1	10090.ENSMUSP00000035415	10090.ENSMUSP00000001809	0	0	0	0	0	0.807	0	0	0.807	Pabpc1	Atxn2l	PPI
Bclaf1	Thrap3	10090.ENSMUSP00000043583	10090.ENSMUSP00000079722	0	0	0	0.802	0	0.733	0.54	0	0.871	Thrap3	Bclaf1	PPI
Bclaf1	Pnn	10090.ENSMUSP00000043583	10090.ENSMUSP00000021381	0	0	0	0	0	0.406	0	0	0.406	Pnn	Bclaf1	PPI
Bin1	Clip1	10090.ENSMUSP00000025239	10090.ENSMUSP00000107192	0	0	0	0	0	0.426	0	0	0.426	Clip1	Bin1	PPI
Bin1	Synm	10090.ENSMUSP00000025239	10090.ENSMUSP00000073855	0	0	0	0	0	0.649	0	0	0.649	Synm	Bin1	PPI
Camk2d	Map4	10090.ENSMUSP00000102009	10090.ENSMUSP00000035055	0	0	0	0	0	0.115	0.355	0	0.404	Map4	Camk2d	PPI
Camk2d	Prkcd	10090.ENSMUSP00000102009	10090.ENSMUSP00000107830	0	0	0	0.608	0	0.048	0.5	0	0.503	Prkcd	Camk2d	PPI
Camk2d	Marcks	10090.ENSMUSP00000102009	10090.ENSMUSP00000090245	0	0	0	0	0	0	0.47	0	0.47	Marcks	Camk2d	PPI
Camk2d	Mylk	10090.ENSMUSP00000102009	10090.ENSMUSP00000023538	0	0	0	0.715	0	0.071	0.391	0	0.41	Mylk	Camk2d	PPI
Camk2d	Raf1	10090.ENSMUSP00000102009	10090.ENSMUSP00000000451	0	0	0	0.561	0	0.057	0.545	0	0.553	Raf1	Camk2d	PPI
Camk2d	Map2	10090.ENSMUSP00000102009	10090.ENSMUSP00000076577	0	0	0	0	0	0.451	0.355	0	0.631	Map2	Camk2d	PPI
Camk2d	Mecp2	10090.ENSMUSP00000102009	10090.ENSMUSP00000033770	0	0	0	0	0	0	0.9	0	0.9	Mecp2	Camk2d	PPI
Camk2d	Kras	10090.ENSMUSP00000102009	10090.ENSMUSP00000032399	0	0	0	0	0	0.089	0.936	0	0.939	Kras	Camk2d	PPI
Cbx1	Chd4	10090.ENSMUSP00000091475	10090.ENSMUSP00000060054	0	0	0	0	0	0.739	0	0	0.739	Chd4	Cbx1	PPI
Cgnl1	Tjp1	10090.ENSMUSP00000072672	10090.ENSMUSP00000099652	0	0	0	0	0	0	0.8	0	0.8	Tjp1	Cgnl1	PPI
Chd4	Wdr33	10090.ENSMUSP00000060054	10090.ENSMUSP00000025264	0	0	0	0	0	0.083	0.38	0	0.407	Wdr33	Chd4	PPI
Chd4	Hdac2	10090.ENSMUSP00000060054	10090.ENSMUSP00000019911	0	0	0	0	0	0.825	0.932	0	0.987	Hdac2	Chd4	PPI
Chd4	Mta2	10090.ENSMUSP00000060054	10090.ENSMUSP00000093959	0	0	0	0	0	0.886	0.966	0	0.995	Mta2	Chd4	PPI
Chd4	Smarcc2	10090.ENSMUSP00000060054	10090.ENSMUSP00000100868	0	0	0	0	0	0.478	0.218	0	0.574	Smarcc2	Chd4	PPI
Chd4	Mecp2	10090.ENSMUSP00000060054	10090.ENSMUSP00000033770	0	0	0	0	0	0.158	0.318	0	0.401	Mecp2	Chd4	PPI
Cherp	Srsf1	10090.ENSMUSP00000078469	10090.ENSMUSP00000120595	0	0	0	0	0	0.763	0	0	0.763	Srsf1	Cherp	PPI
Clip1	Tuba4a	10090.ENSMUSP00000107192	10090.ENSMUSP00000140657	0	0	0	0	0	0.496	0	0	0.496	Tuba4a	Clip1	PPI
Clip1	mTor	10090.ENSMUSP00000107192	10090.ENSMUSP00000099510	0	0	0	0	0	0.145	0.932	0	0.939	mTor	Clip1	PPI
Cltc	Mapk1	10090.ENSMUSP00000099475	10090.ENSMUSP00000065983	0	0	0	0	0	0.095	0.6	0	0.622	Mapk1	Cltc	PPI
Cltc	Flna	10090.ENSMUSP00000099475	10090.ENSMUSP00000033699	0	0	0	0	0	0.2	0.72	0	0.766	Flna	Cltc	PPI
Cltc	Tpd52	10090.ENSMUSP00000099475	10090.ENSMUSP00000091943	0	0	0	0	0	0	0.6	0	0.6	Tpd52	Cltc	PPI
Cltc	Tpd52l1	10090.ENSMUSP00000099475	10090.ENSMUSP00000000305	0	0	0	0	0	0	0.6	0	0.6	Tpd52l1	Cltc	PPI
Col1a1	Fn1	10090.ENSMUSP00000001547	10090.ENSMUSP00000054499	0	0	0	0	0	0.435	0	0	0.435	Fn1	Col1a1	PPI
Col1a1	Srsf2	10090.ENSMUSP00000001547	10090.ENSMUSP00000090059	0	0	0	0	0	0.433	0	0	0.433	Srsf2	Col1a1	PPI
Col1a1	Srsf1	10090.ENSMUSP00000001547	10090.ENSMUSP00000120595	0	0	0	0	0	0.433	0	0	0.433	Srsf1	Col1a1	PPI
Col1a1	Itgb4	10090.ENSMUSP00000001547	10090.ENSMUSP00000102068	0	0	0	0	0	0.131	0.641	0	0.674	Itgb4	Col1a1	PPI
Col1a1	Col3a1	10090.ENSMUSP00000001547	10090.ENSMUSP00000085192	0	0	0	0.95	0	0	0.9	0	0.9	Col3a1	Col1a1	PPI
Ctnnd1	Igf1r	10090.ENSMUSP00000064518	10090.ENSMUSP00000005671	0	0	0	0	0	0.058	0.585	0	0.592	Igf1r	Ctnnd1	PPI
Ctnnd1	Tjp2	10090.ENSMUSP00000064518	10090.ENSMUSP00000097154	0	0	0	0	0	0.057	0.396	0	0.406	Tjp2	Ctnnd1	PPI
Ctnnd1	Tjp1	10090.ENSMUSP00000064518	10090.ENSMUSP00000099652	0	0	0	0	0	0.066	0.585	0	0.595	Tjp1	Ctnnd1	PPI
Ctnnd1	Gsk3b	10090.ENSMUSP00000064518	10090.ENSMUSP00000023507	0	0	0	0	0	0.462	0.127	0	0.51	Gsk3b	Ctnnd1	PPI
Ctnnd1	Insr	10090.ENSMUSP00000064518	10090.ENSMUSP00000088837	0	0	0	0	0	0.058	0.43	0	0.44	Insr	Ctnnd1	PPI
Denr	Eif3b	10090.ENSMUSP00000023869	10090.ENSMUSP00000098076	0	0	0	0	0	0.402	0	0	0.402	Eif3b	Denr	PPI
Denr	Eif4g3	10090.ENSMUSP00000023869	10090.ENSMUSP00000081233	0	0	0	0	0	0.263	0.332	0	0.486	Eif4g3	Denr	PPI
Denr	Eif3c	10090.ENSMUSP00000023869	10090.ENSMUSP00000032992	0	0	0	0	0	0.5	0	0	0.499	Eif3c	Denr	PPI
Denr	Eif3g	10090.ENSMUSP00000023869	10090.ENSMUSP00000004206	0	0	0	0	0	0.492	0	0	0.491	Eif3g	Denr	PPI
Denr	Rps2	10090.ENSMUSP00000023869	10090.ENSMUSP00000092502	0	0	0	0	0	0.401	0	0	0.4	Rps2	Denr	PPI
Denr	Eif4g1	10090.ENSMUSP00000023869	10090.ENSMUSP00000047678	0	0	0	0	0	0.263	0.332	0	0.486	Eif4g1	Denr	PPI
Dkc1	Hsp90aa1	10090.ENSMUSP00000033776	10090.ENSMUSP00000091921	0	0	0	0	0	0.082	0.676	0	0.689	Hsp90aa1	Dkc1	PPI
Dkc1	Eif3b	10090.ENSMUSP00000033776	10090.ENSMUSP00000098076	0	0	0	0	0	0.402	0	0	0.402	Eif3b	Dkc1	PPI
Dkc1	Nolc1	10090.ENSMUSP00000033776	10090.ENSMUSP00000128331	0	0	0	0	0	0.479	0.36	0	0.652	Nolc1	Dkc1	PPI
Dkc1	Eif5b	10090.ENSMUSP00000033776	10090.ENSMUSP00000027252	0	0	0	0	0	0.402	0	0	0.402	Eif5b	Dkc1	PPI
Dkc1	Hnrnpc	10090.ENSMUSP00000033776	10090.ENSMUSP00000107237	0	0	0	0	0	0.137	0.905	0	0.914	Hnrnpc	Dkc1	PPI
Dkc1	Nop56	10090.ENSMUSP00000033776	10090.ENSMUSP00000099487	0	0	0	0	0	0.905	0.72	0	0.972	Nop56	Dkc1	PPI
Dkc1	Hsp90ab1	10090.ENSMUSP00000033776	10090.ENSMUSP00000024739	0	0	0	0	0	0.082	0.547	0	0.566	Hsp90ab1	Dkc1	PPI
Dkc1	Hnrnpu	10090.ENSMUSP00000033776	10090.ENSMUSP00000047571	0	0	0	0	0	0	0.72	0	0.72	Hnrnpu	Dkc1	PPI
Dkc1	Ptges3	10090.ENSMUSP00000033776	10090.ENSMUSP00000050292	0	0	0	0	0	0.143	0.905	0	0.915	Ptges3	Dkc1	PPI
Dkc1	Pabpc1	10090.ENSMUSP00000033776	10090.ENSMUSP00000001809	0	0	0	0	0	0.24	0.386	0	0.513	Pabpc1	Dkc1	PPI
Dkc1	Ncl	10090.ENSMUSP00000033776	10090.ENSMUSP00000027438	0	0	0	0	0	0.159	0.676	0	0.715	Ncl	Dkc1	PPI
Dkc1	mTor	10090.ENSMUSP00000033776	10090.ENSMUSP00000099510	0	0	0	0	0	0	0.676	0	0.676	mTor	Dkc1	PPI
Eef1b	Rpl22l1	10090.ENSMUSP00000116492	10090.ENSMUSP00000043111	0	0	0	0	0	0.744	0	0	0.744	Rpl22l1	Eef1b	PPI
Eef1b	Rplp0	10090.ENSMUSP00000116492	10090.ENSMUSP00000083705	0	0	0	0	0	0.879	0	0	0.879	Rplp0	Eef1b	PPI
Eef1b	Rpl15	10090.ENSMUSP00000116492	10090.ENSMUSP00000079163	0	0	0	0	0	0.85	0	0	0.85	Rpl15	Eef1b	PPI
Eef1b	Rplp1	10090.ENSMUSP00000116492	10090.ENSMUSP00000008036	0	0	0	0	0	0.856	0	0	0.856	Rplp1	Eef1b	PPI
Eef1b	Rplp2	10090.ENSMUSP00000116492	10090.ENSMUSP00000081474	0	0	0	0	0	0.895	0	0	0.895	Rplp2	Eef1b	PPI
Eef1b	Eef1d	10090.ENSMUSP00000116492	10090.ENSMUSP00000087110	0	0	0	0.939	0	0.932	0.8	0	0.985	Eef1d	Eef1b	PPI
Eef1b	Rpl13	10090.ENSMUSP00000116492	10090.ENSMUSP00000000756	0	0	0	0	0	0.884	0	0	0.884	Rpl13	Eef1b	PPI
Eef1b	Rpl6	10090.ENSMUSP00000116492	10090.ENSMUSP00000031617	0	0	0	0	0	0.806	0	0	0.806	Rpl6	Eef1b	PPI
Eef1b	Rps2	10090.ENSMUSP00000116492	10090.ENSMUSP00000092502	0	0	0	0	0	0.803	0	0	0.803	Rps2	Eef1b	PPI
Eef1b	Rpl26	10090.ENSMUSP00000116492	10090.ENSMUSP00000073175	0	0	0	0	0	0.642	0	0	0.642	Rpl26	Eef1b	PPI
Eef1d	Rplp2	10090.ENSMUSP00000087110	10090.ENSMUSP00000081474	0	0	0	0	0	0.652	0	0	0.652	Rplp2	Eef1d	PPI
Eef1d	Rplp0	10090.ENSMUSP00000087110	10090.ENSMUSP00000083705	0	0	0	0	0	0.688	0	0	0.688	Rplp0	Eef1d	PPI
Eef1d	Rpl13	10090.ENSMUSP00000087110	10090.ENSMUSP00000000756	0	0	0	0	0	0.695	0	0	0.695	Rpl13	Eef1d	PPI
Eef2	Rplp2	10090.ENSMUSP00000046101	10090.ENSMUSP00000081474	0	0	0	0	0	0.964	0	0	0.964	Rplp2	Eef2	PPI
Eef2	Rpl6	10090.ENSMUSP00000046101	10090.ENSMUSP00000031617	0	0	0	0	0	0.822	0.72	0	0.948	Rpl6	Eef2	PPI
Eef2	Rpl22l1	10090.ENSMUSP00000046101	10090.ENSMUSP00000043111	0	0	0	0	0	0.753	0	0	0.753	Rpl22l1	Eef2	PPI
Eef2	Rplp0	10090.ENSMUSP00000046101	10090.ENSMUSP00000083705	0	0	0	0	0	0.864	0	0	0.864	Rplp0	Eef2	PPI
Eef2	Plec	10090.ENSMUSP00000046101	10090.ENSMUSP00000075772	0	0	0	0	0	0.71	0	0	0.71	Plec	Eef2	PPI
Eef2	Snw1	10090.ENSMUSP00000046101	10090.ENSMUSP00000021428	0	0	0	0	0	0.461	0	0	0.461	Snw1	Eef2	PPI
Eef2	Rplp1	10090.ENSMUSP00000046101	10090.ENSMUSP00000008036	0	0	0	0	0	0.737	0	0	0.737	Rplp1	Eef2	PPI
Eef2	Rpl15	10090.ENSMUSP00000046101	10090.ENSMUSP00000079163	0	0	0	0	0	0.913	0	0	0.913	Rpl15	Eef2	PPI
Eef2	Rps2	10090.ENSMUSP00000046101	10090.ENSMUSP00000092502	0	0	0	0	0	0.853	0	0	0.853	Rps2	Eef2	PPI
Eef2	Eef2k	10090.ENSMUSP00000046101	10090.ENSMUSP00000046595	0	0	0	0	0	0.21	0.932	0	0.944	Eef2k	Eef2	PPI
Eef2	Rpl26	10090.ENSMUSP00000046101	10090.ENSMUSP00000073175	0	0	0	0	0	0.922	0	0	0.922	Rpl26	Eef2	PPI
Eef2	Rpl13	10090.ENSMUSP00000046101	10090.ENSMUSP00000000756	0	0	0	0	0	0.911	0	0	0.911	Rpl13	Eef2	PPI
Eef2	Eif3h	10090.ENSMUSP00000046101	10090.ENSMUSP00000022925	0	0	0	0	0	0.058	0.54	0	0.548	Eif3h	Eef2	PPI
Eif3b	Eif5b	10090.ENSMUSP00000098076	10090.ENSMUSP00000027252	0	0	0	0	0	0.947	0	0	0.947	Eif5b	Eif3b	PPI
Eif3b	Eif4g3	10090.ENSMUSP00000098076	10090.ENSMUSP00000081233	0	0	0	0	0	0.42	0	0	0.42	Eif4g3	Eif3b	PPI
Eif3b	Eif3c	10090.ENSMUSP00000098076	10090.ENSMUSP00000032992	0	0	0	0	0	0.973	0.9	0	0.997	Eif3c	Eif3b	PPI
Eif3b	Eif3g	10090.ENSMUSP00000098076	10090.ENSMUSP00000004206	0	0	0	0	0	0.976	0.9	0	0.997	Eif3g	Eif3b	PPI
Eif3b	Rps2	10090.ENSMUSP00000098076	10090.ENSMUSP00000092502	0	0	0	0	0	0.54	0.6	0	0.808	Rps2	Eif3b	PPI
Eif3b	Eif3h	10090.ENSMUSP00000098076	10090.ENSMUSP00000022925	0	0	0	0	0	0.975	0.9	0	0.997	Eif3h	Eif3b	PPI
Eif3b	Eif4g1	10090.ENSMUSP00000098076	10090.ENSMUSP00000047678	0	0	0	0	0	0.957	0	0	0.957	Eif4g1	Eif3b	PPI
Eif3b	Plec	10090.ENSMUSP00000098076	10090.ENSMUSP00000075772	0	0	0	0	0	0.585	0	0	0.585	Plec	Eif3b	PPI
Eif3b	Eif3j1	10090.ENSMUSP00000098076	10090.ENSMUSP00000028668	0	0	0	0	0	0.921	0.72	0	0.977	Eif3j1	Eif3b	PPI
Eif3b	mTor	10090.ENSMUSP00000098076	10090.ENSMUSP00000099510	0	0	0	0	0	0.402	0	0	0.402	mTor	Eif3b	PPI
Eif3c	Eif3h	10090.ENSMUSP00000032992	10090.ENSMUSP00000022925	0	0	0	0	0	0.974	0.9	0	0.997	Eif3h	Eif3c	PPI
Eif3c	Eif5b	10090.ENSMUSP00000032992	10090.ENSMUSP00000027252	0	0	0	0	0	0.94	0	0	0.94	Eif5b	Eif3c	PPI
Eif3c	Plec	10090.ENSMUSP00000032992	10090.ENSMUSP00000075772	0	0	0	0	0	0.605	0	0	0.605	Plec	Eif3c	PPI
Eif3c	Eif3j1	10090.ENSMUSP00000032992	10090.ENSMUSP00000028668	0	0	0	0	0	0.919	0.72	0	0.976	Eif3j1	Eif3c	PPI
Eif3c	Eif4g1	10090.ENSMUSP00000032992	10090.ENSMUSP00000047678	0	0	0	0	0	0.551	0	0	0.551	Eif4g1	Eif3c	PPI
Eif3c	Eif3g	10090.ENSMUSP00000032992	10090.ENSMUSP00000004206	0	0	0	0	0	0.974	0.9	0	0.997	Eif3g	Eif3c	PPI
Eif3c	Rps2	10090.ENSMUSP00000032992	10090.ENSMUSP00000092502	0	0	0	0	0	0.547	0.6	0	0.811	Rps2	Eif3c	PPI
Eif3g	Plec	10090.ENSMUSP00000004206	10090.ENSMUSP00000075772	0	0	0	0	0	0.577	0	0	0.577	Plec	Eif3g	PPI
Eif3g	Eif5b	10090.ENSMUSP00000004206	10090.ENSMUSP00000027252	0	0	0	0	0	0.912	0	0	0.912	Eif5b	Eif3g	PPI
Eif3g	Eif4g3	10090.ENSMUSP00000004206	10090.ENSMUSP00000081233	0	0	0	0	0	0.401	0	0	0.4	Eif4g3	Eif3g	PPI
Eif3g	Rps2	10090.ENSMUSP00000004206	10090.ENSMUSP00000092502	0	0	0	0	0	0.537	0.6	0	0.806	Rps2	Eif3g	PPI
Eif3g	Eif4g1	10090.ENSMUSP00000004206	10090.ENSMUSP00000047678	0	0	0	0	0	0.645	0	0	0.645	Eif4g1	Eif3g	PPI
Eif3g	Eif3h	10090.ENSMUSP00000004206	10090.ENSMUSP00000022925	0	0	0	0	0	0.972	0.9	0	0.997	Eif3h	Eif3g	PPI
Eif3g	Eif3j1	10090.ENSMUSP00000004206	10090.ENSMUSP00000028668	0	0	0	0	0	0.917	0.72	0	0.975	Eif3j1	Eif3g	PPI
Eif3h	Eif4g3	10090.ENSMUSP00000022925	10090.ENSMUSP00000081233	0	0	0	0	0	0.448	0	0	0.448	Eif4g3	Eif3h	PPI
Eif3h	Eif3j1	10090.ENSMUSP00000022925	10090.ENSMUSP00000028668	0	0	0	0	0	0.753	0.72	0	0.927	Eif3j1	Eif3h	PPI
Eif3h	Rpl6	10090.ENSMUSP00000022925	10090.ENSMUSP00000031617	0	0	0	0	0	0	0.54	0	0.54	Rpl6	Eif3h	PPI
Eif3h	Rps2	10090.ENSMUSP00000022925	10090.ENSMUSP00000092502	0	0	0	0	0	0.463	0.6	0	0.776	Rps2	Eif3h	PPI
Eif3h	Eif4g1	10090.ENSMUSP00000022925	10090.ENSMUSP00000047678	0	0	0	0	0	0.729	0	0	0.729	Eif4g1	Eif3h	PPI
Eif3j1	Eif4g1	10090.ENSMUSP00000028668	10090.ENSMUSP00000047678	0	0	0	0	0	0.76	0	0	0.76	Eif4g1	Eif3j1	PPI
Eif3j1	Eif4b	10090.ENSMUSP00000028668	10090.ENSMUSP00000127774	0	0	0	0	0	0.664	0	0	0.664	Eif4b	Eif3j1	PPI
Eif3j1	Rps2	10090.ENSMUSP00000028668	10090.ENSMUSP00000092502	0	0	0	0	0	0.444	0.6	0	0.768	Rps2	Eif3j1	PPI
Eif3j1	Plec	10090.ENSMUSP00000028668	10090.ENSMUSP00000075772	0	0	0	0	0	0.462	0	0	0.461	Plec	Eif3j1	PPI
Eif4b	Eif4g1	10090.ENSMUSP00000127774	10090.ENSMUSP00000047678	0	0	0	0	0	0.656	0.922	0	0.972	Eif4g1	Eif4b	PPI
Eif4b	Tnks1bp1	10090.ENSMUSP00000127774	10090.ENSMUSP00000107232	0	0	0	0	0	0	0.9	0	0.9	Tnks1bp1	Eif4b	PPI
Eif4b	Eif4g3	10090.ENSMUSP00000127774	10090.ENSMUSP00000081233	0	0	0	0	0	0.511	0.496	0	0.743	Eif4g3	Eif4b	PPI
Eif4b	Pabpc1	10090.ENSMUSP00000127774	10090.ENSMUSP00000001809	0	0	0	0	0	0.164	0.8	0	0.825	Pabpc1	Eif4b	PPI
Eif4ebp1	Eif4g1	10090.ENSMUSP00000033880	10090.ENSMUSP00000047678	0	0	0	0	0	0	0.65	0	0.65	Eif4g1	Eif4ebp1	PPI
Eif4ebp1	Mapk1	10090.ENSMUSP00000033880	10090.ENSMUSP00000065983	0	0	0	0	0	0.446	0.8	0	0.884	Mapk1	Eif4ebp1	PPI
Eif4ebp1	Gsk3b	10090.ENSMUSP00000033880	10090.ENSMUSP00000023507	0	0	0	0	0	0.421	0.132	0	0.476	Gsk3b	Eif4ebp1	PPI
Eif4ebp1	mTor	10090.ENSMUSP00000033880	10090.ENSMUSP00000099510	0	0	0	0	0	0.963	0.966	0	0.998	mTor	Eif4ebp1	PPI
Eif4g1	Tnks1bp1	10090.ENSMUSP00000047678	10090.ENSMUSP00000107232	0	0	0	0	0	0.13	0.9	0	0.909	Tnks1bp1	Eif4g1	PPI
Eif4g1	Larp1	10090.ENSMUSP00000047678	10090.ENSMUSP00000136673	0	0	0	0	0	0.716	0	0	0.716	Larp1	Eif4g1	PPI
Eif4g1	Ncl	10090.ENSMUSP00000047678	10090.ENSMUSP00000027438	0	0	0	0	0	0.336	0.337	0	0.54	Ncl	Eif4g1	PPI
Eif4g1	Eif4g3	10090.ENSMUSP00000047678	10090.ENSMUSP00000081233	0	0	0	0.907	0	0.753	0.922	0	0.98	Eif4g3	Eif4g1	PPI
Eif4g1	Hspb1	10090.ENSMUSP00000047678	10090.ENSMUSP00000005077	0	0	0	0	0	0.134	0.8	0	0.819	Hspb1	Eif4g1	PPI
Eif4g1	Rps2	10090.ENSMUSP00000047678	10090.ENSMUSP00000092502	0	0	0	0	0	0.401	0	0	0.4	Rps2	Eif4g1	PPI
Eif4g1	Usp10	10090.ENSMUSP00000047678	10090.ENSMUSP00000123590	0	0	0	0	0	0.724	0	0	0.724	Usp10	Eif4g1	PPI
Eif4g1	Pabpc1	10090.ENSMUSP00000047678	10090.ENSMUSP00000001809	0	0	0	0	0	0.721	0.896	0	0.969	Pabpc1	Eif4g1	PPI
Eif4g3	Ncl	10090.ENSMUSP00000081233	10090.ENSMUSP00000027438	0	0	0	0	0	0.336	0.337	0	0.54	Ncl	Eif4g3	PPI
Eif4g3	Pabpc1	10090.ENSMUSP00000081233	10090.ENSMUSP00000001809	0	0	0	0	0	0.463	0.471	0	0.703	Pabpc1	Eif4g3	PPI
Eif4g3	Usp10	10090.ENSMUSP00000081233	10090.ENSMUSP00000123590	0	0	0	0	0	0.443	0	0	0.443	Usp10	Eif4g3	PPI
Eif5b	Rplp0	10090.ENSMUSP00000027252	10090.ENSMUSP00000083705	0	0	0	0	0	0.672	0	0	0.672	Rplp0	Eif5b	PPI
Eif5b	Rpl22l1	10090.ENSMUSP00000027252	10090.ENSMUSP00000043111	0	0	0	0	0	0.736	0	0	0.736	Rpl22l1	Eif5b	PPI
Eif5b	Eloa	10090.ENSMUSP00000027252	10090.ENSMUSP00000030427	0	0	0	0	0	0.645	0	0	0.645	Eloa	Eif5b	PPI
Eif5b	Rpl15	10090.ENSMUSP00000027252	10090.ENSMUSP00000079163	0	0	0	0	0	0.741	0	0	0.741	Rpl15	Eif5b	PPI
Eif5b	Rpl6	10090.ENSMUSP00000027252	10090.ENSMUSP00000031617	0	0	0	0	0	0.735	0	0	0.735	Rpl6	Eif5b	PPI
Eif5b	Rpl26	10090.ENSMUSP00000027252	10090.ENSMUSP00000073175	0	0	0	0	0	0.842	0	0	0.842	Rpl26	Eif5b	PPI
Eif5b	Rpl13	10090.ENSMUSP00000027252	10090.ENSMUSP00000000756	0	0	0	0	0	0.742	0	0	0.742	Rpl13	Eif5b	PPI
Eif5b	Plec	10090.ENSMUSP00000027252	10090.ENSMUSP00000075772	0	0	0	0	0	0.675	0	0	0.675	Plec	Eif5b	PPI
Eif5b	Rps2	10090.ENSMUSP00000027252	10090.ENSMUSP00000092502	0	0	0	0	0	0.459	0	0	0.459	Rps2	Eif5b	PPI
Flna	Hsp90ab1	10090.ENSMUSP00000033699	10090.ENSMUSP00000024739	0	0	0	0	0	0.4	0	0	0.4	Hsp90ab1	Flna	PPI
Flna	Prkcd	10090.ENSMUSP00000033699	10090.ENSMUSP00000107830	0	0	0	0	0	0.053	0.43	0	0.437	Prkcd	Flna	PPI
Flna	Tuba4a	10090.ENSMUSP00000033699	10090.ENSMUSP00000140657	0	0	0	0	0	0.134	0.9	0	0.909	Tuba4a	Flna	PPI
Flna	Itgb4	10090.ENSMUSP00000033699	10090.ENSMUSP00000102068	0	0	0	0	0	0.207	0.652	0	0.712	Itgb4	Flna	PPI
Fn1	Insr	10090.ENSMUSP00000054499	10090.ENSMUSP00000088837	0	0	0	0	0	0.057	0.515	0	0.523	Insr	Fn1	PPI
Fn1	Kras	10090.ENSMUSP00000054499	10090.ENSMUSP00000032399	0	0	0	0	0	0	0.653	0	0.653	Kras	Fn1	PPI
Fn1	Myo18a	10090.ENSMUSP00000054499	10090.ENSMUSP00000130696	0	0	0	0	0	0.058	0.393	0	0.403	Myo18a	Fn1	PPI
Fn1	Raf1	10090.ENSMUSP00000054499	10090.ENSMUSP00000000451	0	0	0	0	0	0.057	0.644	0	0.65	Raf1	Fn1	PPI
Fn1	Myh9	10090.ENSMUSP00000054499	10090.ENSMUSP00000016771	0	0	0	0	0	0.131	0.393	0	0.449	Myh9	Fn1	PPI
Fn1	Mapk1	10090.ENSMUSP00000054499	10090.ENSMUSP00000065983	0	0	0	0	0	0	0.6	0	0.6	Mapk1	Fn1	PPI
Fn1	Myh11	10090.ENSMUSP00000054499	10090.ENSMUSP00000087756	0	0	0	0	0	0.066	0.393	0	0.408	Myh11	Fn1	PPI
Fn1	Itgb4	10090.ENSMUSP00000054499	10090.ENSMUSP00000102068	0	0	0	0.538	0	0.276	0.715	0	0.784	Itgb4	Fn1	PPI
Fn1	Igf1r	10090.ENSMUSP00000054499	10090.ENSMUSP00000005671	0	0	0	0	0	0.057	0.676	0	0.681	Igf1r	Fn1	PPI
G3bp2	Nup214	10090.ENSMUSP00000128244	10090.ENSMUSP00000066492	0	0	0	0	0	0.406	0	0	0.406	Nup214	G3bp2	PPI
G3bp2	Usp10	10090.ENSMUSP00000128244	10090.ENSMUSP00000123590	0	0	0	0	0	0.811	0	0	0.811	Usp10	G3bp2	PPI
Gapdh	Rplp0	10090.ENSMUSP00000113942	10090.ENSMUSP00000083705	0	0	0	0	0	0.641	0	0	0.641	Rplp0	Gapdh	PPI
Gapdh	Ncl	10090.ENSMUSP00000113942	10090.ENSMUSP00000027438	0	0	0	0	0	0.664	0	0	0.664	Ncl	Gapdh	PPI
Gapdh	Pabpn1	10090.ENSMUSP00000113942	10090.ENSMUSP00000022808	0	0	0	0	0	0.709	0	0	0.709	Pabpn1	Gapdh	PPI
Gapdh	Rpl26	10090.ENSMUSP00000113942	10090.ENSMUSP00000073175	0	0	0	0	0	0.64	0	0	0.64	Rpl26	Gapdh	PPI
Gapdh	Tppp	10090.ENSMUSP00000113942	10090.ENSMUSP00000022057	0	0	0	0	0	0.698	0	0	0.698	Tppp	Gapdh	PPI
Gapdh	Pabpc1	10090.ENSMUSP00000113942	10090.ENSMUSP00000001809	0	0	0	0	0	0.637	0	0	0.637	Pabpc1	Gapdh	PPI
Gapdh	Hnrnpu	10090.ENSMUSP00000113942	10090.ENSMUSP00000047571	0	0	0	0	0	0.642	0	0	0.642	Hnrnpu	Gapdh	PPI
Gnl1	Rplp0	10090.ENSMUSP00000084450	10090.ENSMUSP00000083705	0	0	0	0	0	0.448	0	0	0.448	Rplp0	Gnl1	PPI
Gnl1	Rpl6	10090.ENSMUSP00000084450	10090.ENSMUSP00000031617	0	0	0	0	0	0.56	0	0	0.56	Rpl6	Gnl1	PPI
Gnl1	Rpl15	10090.ENSMUSP00000084450	10090.ENSMUSP00000079163	0	0	0	0	0	0.57	0	0	0.57	Rpl15	Gnl1	PPI
Gnl1	Rpl22l1	10090.ENSMUSP00000084450	10090.ENSMUSP00000043111	0	0	0	0	0	0.524	0	0	0.524	Rpl22l1	Gnl1	PPI
Gnl1	Rpl13	10090.ENSMUSP00000084450	10090.ENSMUSP00000000756	0	0	0	0	0	0.56	0	0	0.56	Rpl13	Gnl1	PPI
Gnl1	Rpl26	10090.ENSMUSP00000084450	10090.ENSMUSP00000073175	0	0	0	0	0	0.628	0	0	0.628	Rpl26	Gnl1	PPI
Gsk3b	Hsp90aa1	10090.ENSMUSP00000023507	10090.ENSMUSP00000091921	0	0	0	0	0	0.43	0.136	0	0.486	Hsp90aa1	Gsk3b	PPI
Gsk3b	Mybbp1a	10090.ENSMUSP00000023507	10090.ENSMUSP00000044827	0	0	0	0	0	0.047	0.9	0	0.9	Mybbp1a	Gsk3b	PPI
Gsk3b	Map2	10090.ENSMUSP00000023507	10090.ENSMUSP00000076577	0	0	0	0	0	0.396	0.442	0	0.648	Map2	Gsk3b	PPI
Gsk3b	Raf1	10090.ENSMUSP00000023507	10090.ENSMUSP00000000451	0	0	0	0.578	0	0	0.8	0	0.8	Raf1	Gsk3b	PPI
Gsk3b	Map4	10090.ENSMUSP00000023507	10090.ENSMUSP00000035055	0	0	0	0	0	0.396	0.442	0	0.648	Map4	Gsk3b	PPI
Gsk3b	Ppp1r2	10090.ENSMUSP00000023507	10090.ENSMUSP00000060118	0	0	0	0	0	0.468	0	0	0.468	Ppp1r2	Gsk3b	PPI
Hdac2	Nup214	10090.ENSMUSP00000019911	10090.ENSMUSP00000066492	0	0	0	0	0	0.058	0.512	0	0.52	Nup214	Hdac2	PPI
Hdac2	Mta2	10090.ENSMUSP00000019911	10090.ENSMUSP00000093959	0	0	0	0	0	0.95	0.905	0	0.995	Mta2	Hdac2	PPI
Hdac2	Mybbp1a	10090.ENSMUSP00000019911	10090.ENSMUSP00000044827	0	0	0	0	0	0.433	0	0	0.433	Mybbp1a	Hdac2	PPI
Hdac2	Wdr33	10090.ENSMUSP00000019911	10090.ENSMUSP00000025264	0	0	0	0	0	0.163	0.363	0	0.444	Wdr33	Hdac2	PPI
Hdac2	Mecp2	10090.ENSMUSP00000019911	10090.ENSMUSP00000033770	0	0	0	0	0	0.588	0.845	0	0.933	Mecp2	Hdac2	PPI
Hdac2	Snw1	10090.ENSMUSP00000019911	10090.ENSMUSP00000021428	0	0	0	0	0	0.164	0.6	0	0.651	Snw1	Hdac2	PPI
Hnrnpa3	Rbmxl1	10090.ENSMUSP00000107595	10090.ENSMUSP00000048153	0	0	0	0.586	0	0.133	0.6	0	0.638	Rbmxl1	Hnrnpa3	PPI
Hnrnpa3	Snw1	10090.ENSMUSP00000107595	10090.ENSMUSP00000021428	0	0	0	0	0	0.769	0	0	0.769	Snw1	Hnrnpa3	PPI
Hnrnpa3	Srsf1	10090.ENSMUSP00000107595	10090.ENSMUSP00000120595	0	0	0	0	0	0.72	0	0	0.72	Srsf1	Hnrnpa3	PPI
Hnrnpa3	Pcbp1	10090.ENSMUSP00000107595	10090.ENSMUSP00000054863	0	0	0	0	0	0.198	0.8	0	0.832	Pcbp1	Hnrnpa3	PPI
Hnrnpa3	Hnrnpc	10090.ENSMUSP00000107595	10090.ENSMUSP00000107237	0	0	0	0	0	0.699	0.8	0	0.937	Hnrnpc	Hnrnpa3	PPI
Hnrnpa3	Hnrnpk	10090.ENSMUSP00000107595	10090.ENSMUSP00000039269	0	0	0	0	0	0.74	0.8	0	0.945	Hnrnpk	Hnrnpa3	PPI
Hnrnpa3	Hnrnpu	10090.ENSMUSP00000107595	10090.ENSMUSP00000047571	0	0	0	0	0	0.649	0.8	0	0.926	Hnrnpu	Hnrnpa3	PPI
Hnrnpa3	Pabpc1	10090.ENSMUSP00000107595	10090.ENSMUSP00000001809	0	0	0	0.581	0	0.349	0.72	0	0.81	Pabpc1	Hnrnpa3	PPI
Hnrnpc	Raly	10090.ENSMUSP00000107237	10090.ENSMUSP00000058105	0	0	0	0.888	0	0.564	0	0	0.564	Raly	Hnrnpc	PPI
Hnrnpc	Srrm2	10090.ENSMUSP00000107237	10090.ENSMUSP00000085993	0	0	0	0	0	0.732	0	0	0.732	Srrm2	Hnrnpc	PPI
Hnrnpc	Tpr	10090.ENSMUSP00000107237	10090.ENSMUSP00000117616	0	0	0	0	0	0.163	0.9	0	0.912	Tpr	Hnrnpc	PPI
Hnrnpc	Snw1	10090.ENSMUSP00000107237	10090.ENSMUSP00000021428	0	0	0	0	0	0.772	0	0	0.772	Snw1	Hnrnpc	PPI
Hnrnpc	Nup214	10090.ENSMUSP00000107237	10090.ENSMUSP00000066492	0	0	0	0	0	0	0.9	0	0.9	Nup214	Hnrnpc	PPI
Hnrnpc	Rbmxl1	10090.ENSMUSP00000107237	10090.ENSMUSP00000048153	0	0	0	0.579	0	0.133	0.6	0	0.638	Rbmxl1	Hnrnpc	PPI
Hnrnpc	Hsp90aa1	10090.ENSMUSP00000107237	10090.ENSMUSP00000091921	0	0	0	0	0	0.049	0.676	0	0.678	Hsp90aa1	Hnrnpc	PPI
Hnrnpc	U2af2	10090.ENSMUSP00000107237	10090.ENSMUSP00000005041	0	0	0	0	0	0.729	0	0	0.729	U2af2	Hnrnpc	PPI
Hnrnpc	Ptges3	10090.ENSMUSP00000107237	10090.ENSMUSP00000050292	0	0	0	0	0	0.058	0.905	0	0.907	Ptges3	Hnrnpc	PPI
Hnrnpc	Hnrnpk	10090.ENSMUSP00000107237	10090.ENSMUSP00000039269	0	0	0	0	0	0.724	0.8	0	0.942	Hnrnpk	Hnrnpc	PPI
Hnrnpc	Hsp90ab1	10090.ENSMUSP00000107237	10090.ENSMUSP00000024739	0	0	0	0	0	0.049	0.547	0	0.55	Hsp90ab1	Hnrnpc	PPI
Hnrnpc	Pcbp1	10090.ENSMUSP00000107237	10090.ENSMUSP00000054863	0	0	0	0	0	0.198	0.8	0	0.832	Pcbp1	Hnrnpc	PPI
Hnrnpc	Hnrnpu	10090.ENSMUSP00000107237	10090.ENSMUSP00000047571	0	0	0	0	0	0.516	0.8	0	0.899	Hnrnpu	Hnrnpc	PPI
Hnrnpk	Srrm2	10090.ENSMUSP00000039269	10090.ENSMUSP00000085993	0	0	0	0	0	0.654	0	0	0.654	Srrm2	Hnrnpk	PPI
Hnrnpk	Srrm1	10090.ENSMUSP00000039269	10090.ENSMUSP00000125003	0	0	0	0	0	0.642	0	0	0.642	Srrm1	Hnrnpk	PPI
Hnrnpk	Snw1	10090.ENSMUSP00000039269	10090.ENSMUSP00000021428	0	0	0	0	0	0.689	0	0	0.689	Snw1	Hnrnpk	PPI
Hnrnpk	Rbmxl1	10090.ENSMUSP00000039269	10090.ENSMUSP00000048153	0	0	0	0	0	0.287	0.6	0	0.702	Rbmxl1	Hnrnpk	PPI
Hnrnpk	Srsf1	10090.ENSMUSP00000039269	10090.ENSMUSP00000120595	0	0	0	0	0	0.751	0	0	0.751	Srsf1	Hnrnpk	PPI
Hnrnpk	Hnrnpu	10090.ENSMUSP00000039269	10090.ENSMUSP00000047571	0	0	0	0	0	0.703	0.8	0	0.938	Hnrnpu	Hnrnpk	PPI
Hnrnpk	Pcbp1	10090.ENSMUSP00000039269	10090.ENSMUSP00000054863	0	0	0	0.735	0	0.192	0.8	0	0.831	Pcbp1	Hnrnpk	PPI
Hnrnpk	U2af2	10090.ENSMUSP00000039269	10090.ENSMUSP00000005041	0	0	0	0	0	0.485	0	0	0.485	U2af2	Hnrnpk	PPI
Hnrnpu	Snw1	10090.ENSMUSP00000047571	10090.ENSMUSP00000021428	0	0	0	0	0	0.638	0	0	0.638	Snw1	Hnrnpu	PPI
Hnrnpu	Ncl	10090.ENSMUSP00000047571	10090.ENSMUSP00000027438	0	0	0	0	0	0.575	0	0	0.575	Ncl	Hnrnpu	PPI
Hnrnpu	Ptges3	10090.ENSMUSP00000047571	10090.ENSMUSP00000050292	0	0	0	0	0	0	0.72	0	0.72	Ptges3	Hnrnpu	PPI
Hnrnpu	Pcbp1	10090.ENSMUSP00000047571	10090.ENSMUSP00000054863	0	0	0	0	0	0.27	0.8	0	0.847	Pcbp1	Hnrnpu	PPI
Hnrnpu	Rpl6	10090.ENSMUSP00000047571	10090.ENSMUSP00000031617	0	0	0	0	0	0.402	0	0	0.402	Rpl6	Hnrnpu	PPI
Hnrnpu	Rbmxl1	10090.ENSMUSP00000047571	10090.ENSMUSP00000048153	0	0	0	0	0	0.065	0.6	0	0.61	Rbmxl1	Hnrnpu	PPI
Hsp90aa1	Raf1	10090.ENSMUSP00000091921	10090.ENSMUSP00000000451	0	0	0	0	0	0.917	0.136	0	0.925	Raf1	Hsp90aa1	PPI
Hsp90aa1	Srsf1	10090.ENSMUSP00000091921	10090.ENSMUSP00000120595	0	0	0	0	0	0.42	0	0	0.42	Srsf1	Hsp90aa1	PPI
Hsp90aa1	Mapk1	10090.ENSMUSP00000091921	10090.ENSMUSP00000065983	0	0	0	0	0	0.201	0.729	0	0.774	Mapk1	Hsp90aa1	PPI
Hsp90aa1	Hsp90ab1	10090.ENSMUSP00000091921	10090.ENSMUSP00000024739	0	0	0	0.984	0	0.834	0.8	0	0.965	Hsp90ab1	Hsp90aa1	PPI
Hsp90aa1	Ptges3	10090.ENSMUSP00000091921	10090.ENSMUSP00000050292	0	0	0	0	0	0.908	0.864	0	0.987	Ptges3	Hsp90aa1	PPI
Hsp90aa1	Ncl	10090.ENSMUSP00000091921	10090.ENSMUSP00000027438	0	0	0	0	0	0.081	0.676	0	0.689	Ncl	Hsp90aa1	PPI
Hsp90aa1	Rpl6	10090.ENSMUSP00000091921	10090.ENSMUSP00000031617	0	0	0	0	0	0.412	0	0	0.412	Rpl6	Hsp90aa1	PPI
Hsp90aa1	mTor	10090.ENSMUSP00000091921	10090.ENSMUSP00000099510	0	0	0	0	0	0.135	0.676	0	0.707	mTor	Hsp90aa1	PPI
Hsp90ab1	Ncl	10090.ENSMUSP00000024739	10090.ENSMUSP00000027438	0	0	0	0	0	0.081	0.547	0	0.565	Ncl	Hsp90ab1	PPI
Hsp90ab1	Ptges3	10090.ENSMUSP00000024739	10090.ENSMUSP00000050292	0	0	0	0	0	0.92	0.905	0	0.992	Ptges3	Hsp90ab1	PPI
Hsp90ab1	Rpl6	10090.ENSMUSP00000024739	10090.ENSMUSP00000031617	0	0	0	0	0	0.408	0	0	0.408	Rpl6	Hsp90ab1	PPI
Hsp90ab1	mTor	10090.ENSMUSP00000024739	10090.ENSMUSP00000099510	0	0	0	0	0	0.135	0.547	0	0.591	mTor	Hsp90ab1	PPI
Hsp90ab1	Srsf1	10090.ENSMUSP00000024739	10090.ENSMUSP00000120595	0	0	0	0	0	0.42	0	0	0.42	Srsf1	Hsp90ab1	PPI
Hsp90ab1	Myh9	10090.ENSMUSP00000024739	10090.ENSMUSP00000016771	0	0	0	0	0	0.484	0.36	0	0.655	Myh9	Hsp90ab1	PPI
Hsp90ab1	Mapk1	10090.ENSMUSP00000024739	10090.ENSMUSP00000065983	0	0	0	0	0	0.201	0.629	0	0.691	Mapk1	Hsp90ab1	PPI
Hsp90ab1	Raf1	10090.ENSMUSP00000024739	10090.ENSMUSP00000000451	0	0	0	0	0	0.677	0.136	0	0.708	Raf1	Hsp90ab1	PPI
Hspb1	Pabpc1	10090.ENSMUSP00000005077	10090.ENSMUSP00000001809	0	0	0	0	0	0	0.8	0	0.8	Pabpc1	Hspb1	PPI
Hspb1	Prkcd	10090.ENSMUSP00000005077	10090.ENSMUSP00000107830	0	0	0	0	0	0.439	0	0	0.439	Prkcd	Hspb1	PPI
Igf1r	Mapk1	10090.ENSMUSP00000005671	10090.ENSMUSP00000065983	0	0	0	0.568	0	0.147	0.676	0	0.711	Mapk1	Igf1r	PPI
Igf1r	Nedd4	10090.ENSMUSP00000005671	10090.ENSMUSP00000034740	0	0	0	0	0	0.402	0.623	0	0.765	Nedd4	Igf1r	PPI
Igf1r	Raf1	10090.ENSMUSP00000005671	10090.ENSMUSP00000000451	0	0	0	0.585	0	0.069	0.629	0	0.639	Raf1	Igf1r	PPI
Igf1r	Sorbs2	10090.ENSMUSP00000005671	10090.ENSMUSP00000121619	0	0	0	0	0	0.052	0.41	0	0.416	Sorbs2	Igf1r	PPI
Igf1r	Insr	10090.ENSMUSP00000005671	10090.ENSMUSP00000088837	0	0	0	0.956	0	0.748	0.8	0	0.947	Insr	Igf1r	PPI
Igf1r	Kras	10090.ENSMUSP00000005671	10090.ENSMUSP00000032399	0	0	0	0	0	0.137	0.867	0	0.88	Kras	Igf1r	PPI
Igf1r	Prkcd	10090.ENSMUSP00000005671	10090.ENSMUSP00000107830	0	0	0	0.551	0	0.147	0.676	0	0.711	Prkcd	Igf1r	PPI
Insr	Prkcd	10090.ENSMUSP00000088837	10090.ENSMUSP00000107830	0	0	0	0.554	0	0.227	0.42	0	0.532	Prkcd	Insr	PPI
Insr	Mapk1	10090.ENSMUSP00000088837	10090.ENSMUSP00000065983	0	0	0	0.568	0	0.147	0.42	0	0.484	Mapk1	Insr	PPI
Insr	Raf1	10090.ENSMUSP00000088837	10090.ENSMUSP00000000451	0	0	0	0.588	0	0.087	0.496	0	0.52	Raf1	Insr	PPI
Insr	Sorbs2	10090.ENSMUSP00000088837	10090.ENSMUSP00000121619	0	0	0	0	0	0.052	0.41	0	0.416	Sorbs2	Insr	PPI
Insr	Kras	10090.ENSMUSP00000088837	10090.ENSMUSP00000032399	0	0	0	0	0	0.137	0.363	0	0.426	Kras	Insr	PPI
Itgb4	Kras	10090.ENSMUSP00000102068	10090.ENSMUSP00000032399	0	0	0	0	0	0.089	0.43	0	0.458	Kras	Itgb4	PPI
Itgb4	Plec	10090.ENSMUSP00000102068	10090.ENSMUSP00000075772	0	0	0	0	0	0.948	0.652	0	0.981	Plec	Itgb4	PPI
Itgb4	Pdlim5	10090.ENSMUSP00000102068	10090.ENSMUSP00000029941	0	0	0	0	0	0.164	0.313	0	0.401	Pdlim5	Itgb4	PPI
Itgb4	Pdlim1	10090.ENSMUSP00000102068	10090.ENSMUSP00000064545	0	0	0	0	0	0.164	0.313	0	0.401	Pdlim1	Itgb4	PPI
Itgb4	Synpo2	10090.ENSMUSP00000102068	10090.ENSMUSP00000102034	0	0	0	0	0	0.164	0.313	0	0.401	Synpo2	Itgb4	PPI
Itgb4	Parva	10090.ENSMUSP00000102068	10090.ENSMUSP00000033030	0	0	0	0	0	0.131	0.6	0	0.637	Parva	Itgb4	PPI
Kras	mTor	10090.ENSMUSP00000032399	10090.ENSMUSP00000099510	0	0	0	0	0	0.298	0.249	0	0.45	mTor	Kras	PPI
Kras	Raf1	10090.ENSMUSP00000032399	10090.ENSMUSP00000000451	0	0	0	0	0	0.948	0.93	0	0.996	Raf1	Kras	PPI
Kras	Sptbn1	10090.ENSMUSP00000032399	10090.ENSMUSP00000099902	0	0	0	0	0	0.1	0.908	0	0.913	Sptbn1	Kras	PPI
Kras	Plcd1	10090.ENSMUSP00000032399	10090.ENSMUSP00000010804	0	0	0	0	0	0.268	0.311	0	0.474	Plcd1	Kras	PPI
Kras	Prkcd	10090.ENSMUSP00000032399	10090.ENSMUSP00000107830	0	0	0	0	0	0.186	0.777	0	0.811	Prkcd	Kras	PPI
Kras	Mapk1	10090.ENSMUSP00000032399	10090.ENSMUSP00000065983	0	0	0	0	0	0.621	0.823	0	0.93	Mapk1	Kras	PPI
Kras	Sptan1	10090.ENSMUSP00000032399	10090.ENSMUSP00000097797	0	0	0	0	0	0.095	0.916	0	0.921	Sptan1	Kras	PPI
Larp1	Pabpc1	10090.ENSMUSP00000136673	10090.ENSMUSP00000001809	0	0	0	0	0	0.453	0	0	0.453	Pabpc1	Larp1	PPI
Larp1	Rpl6	10090.ENSMUSP00000136673	10090.ENSMUSP00000031617	0	0	0	0	0	0.143	0.36	0	0.428	Rpl6	Larp1	PPI
Lbr	Mecp2	10090.ENSMUSP00000005003	10090.ENSMUSP00000033770	0	0	0	0	0	0.13	0.8	0	0.818	Mecp2	Lbr	PPI
Mapk1	Ptges3	10090.ENSMUSP00000065983	10090.ENSMUSP00000050292	0	0	0	0	0	0.076	0.9	0	0.903	Ptges3	Mapk1	PPI
Mapk1	Mylk	10090.ENSMUSP00000065983	10090.ENSMUSP00000023538	0	0	0	0.583	0	0.131	0.676	0	0.706	Mylk	Mapk1	PPI
Mapk1	Prkcd	10090.ENSMUSP00000065983	10090.ENSMUSP00000107830	0	0	0	0.588	0	0.5	0.922	0	0.959	Prkcd	Mapk1	PPI
Mapk1	Raf1	10090.ENSMUSP00000065983	10090.ENSMUSP00000000451	0	0	0	0.587	0	0.561	0.864	0	0.938	Raf1	Mapk1	PPI
Marcks	Prkcd	10090.ENSMUSP00000090245	10090.ENSMUSP00000107830	0	0	0	0	0	0.133	0.8	0	0.819	Prkcd	Marcks	PPI
Mecp2	Wdr33	10090.ENSMUSP00000033770	10090.ENSMUSP00000025264	0	0	0	0	0	0.13	0.367	0	0.425	Wdr33	Mecp2	PPI
Mecp2	Mta2	10090.ENSMUSP00000033770	10090.ENSMUSP00000093959	0	0	0	0	0	0.266	0.338	0	0.493	Mta2	Mecp2	PPI
Mta2	Wdr33	10090.ENSMUSP00000093959	10090.ENSMUSP00000025264	0	0	0	0	0	0.067	0.407	0	0.423	Wdr33	Mta2	PPI
mTor	Ptges3	10090.ENSMUSP00000099510	10090.ENSMUSP00000050292	0	0	0	0	0	0	0.676	0	0.676	Ptges3	mTor	PPI
mTor	Rpl26	10090.ENSMUSP00000099510	10090.ENSMUSP00000073175	0	0	0	0	0	0.551	0	0	0.551	Rpl26	mTor	PPI
Mybbp1a	Xrn2	10090.ENSMUSP00000044827	10090.ENSMUSP00000028921	0	0	0	0	0	0.642	0	0	0.642	Xrn2	Mybbp1a	PPI
Myh11	Mylk	10090.ENSMUSP00000087756	10090.ENSMUSP00000023538	0	0	0	0	0	0.207	0.65	0	0.71	Mylk	Myh11	PPI
Myh11	Myh9	10090.ENSMUSP00000087756	10090.ENSMUSP00000016771	0	0	0	0.979	0	0	0.9	0	0.9	Myh9	Myh11	PPI
Ncl	Pabpc1	10090.ENSMUSP00000027438	10090.ENSMUSP00000001809	0	0	0	0.586	0	0.558	0	0	0.558	Pabpc1	Ncl	PPI
Ncl	Ptges3	10090.ENSMUSP00000027438	10090.ENSMUSP00000050292	0	0	0	0	0	0	0.676	0	0.676	Ptges3	Ncl	PPI
Ncl	Nop56	10090.ENSMUSP00000027438	10090.ENSMUSP00000099487	0	0	0	0	0	0.138	0.9	0	0.91	Nop56	Ncl	PPI
Ncl	Pcbp1	10090.ENSMUSP00000027438	10090.ENSMUSP00000054863	0	0	0	0	0	0.687	0	0	0.687	Pcbp1	Ncl	PPI
Ncl	Rps2	10090.ENSMUSP00000027438	10090.ENSMUSP00000092502	0	0	0	0	0	0.08	0.9	0	0.904	Rps2	Ncl	PPI
Ndrg1	Parva	10090.ENSMUSP00000005256	10090.ENSMUSP00000033030	0	0	0	0	0	0.693	0	0	0.693	Parva	Ndrg1	PPI
Nedd4	Strap	10090.ENSMUSP00000034740	10090.ENSMUSP00000068267	0	0	0	0	0	0.066	0.515	0	0.527	Strap	Nedd4	PPI
Nolc1	Nop56	10090.ENSMUSP00000128331	10090.ENSMUSP00000099487	0	0	0	0	0	0.763	0.36	0	0.841	Nop56	Nolc1	PPI
Nolc1	Pdlim1	10090.ENSMUSP00000128331	10090.ENSMUSP00000064545	0	0	0	0	0	0	0.47	0	0.47	Pdlim1	Nolc1	PPI
Nolc1	Synpo2	10090.ENSMUSP00000128331	10090.ENSMUSP00000102034	0	0	0	0	0	0	0.47	0	0.47	Synpo2	Nolc1	PPI
Nolc1	Pdlim5	10090.ENSMUSP00000128331	10090.ENSMUSP00000029941	0	0	0	0	0	0	0.47	0	0.47	Pdlim5	Nolc1	PPI
Nop56	Xrn2	10090.ENSMUSP00000099487	10090.ENSMUSP00000028921	0	0	0	0	0	0.09	0.9	0	0.905	Xrn2	Nop56	PPI
Nop56	Rps2	10090.ENSMUSP00000099487	10090.ENSMUSP00000092502	0	0	0	0	0	0.164	0.6	0	0.651	Rps2	Nop56	PPI
Nup214	Srrm1	10090.ENSMUSP00000066492	10090.ENSMUSP00000125003	0	0	0	0	0	0	0.6	0	0.6	Srrm1	Nup214	PPI
Nup214	Wdr33	10090.ENSMUSP00000066492	10090.ENSMUSP00000025264	0	0	0	0	0	0	0.9	0	0.9	Wdr33	Nup214	PPI
Nup214	Tpr	10090.ENSMUSP00000066492	10090.ENSMUSP00000117616	0	0	0	0	0	0.227	0.8	0	0.838	Tpr	Nup214	PPI
Pabpc1	Tnks1bp1	10090.ENSMUSP00000001809	10090.ENSMUSP00000107232	0	0	0	0	0	0	0.9	0	0.9	Tnks1bp1	Pabpc1	PPI
Pabpc1	Raly	10090.ENSMUSP00000001809	10090.ENSMUSP00000058105	0	0	0	0	0	0.492	0	0	0.492	Raly	Pabpc1	PPI
Pabpc1	Rps2	10090.ENSMUSP00000001809	10090.ENSMUSP00000092502	0	0	0	0	0	0.414	0	0	0.414	Rps2	Pabpc1	PPI
Pabpc1	Pcbp1	10090.ENSMUSP00000001809	10090.ENSMUSP00000054863	0	0	0	0	0	0.41	0	0	0.41	Pcbp1	Pabpc1	PPI
Pabpc1	Pabpn1	10090.ENSMUSP00000001809	10090.ENSMUSP00000022808	0	0	0	0	0	0.672	0	0	0.672	Pabpn1	Pabpc1	PPI
Pabpn1	Srrm1	10090.ENSMUSP00000022808	10090.ENSMUSP00000125003	0	0	0	0	0	0.325	0.6	0	0.718	Srrm1	Pabpn1	PPI
Pabpn1	Srsf1	10090.ENSMUSP00000022808	10090.ENSMUSP00000120595	0	0	0	0	0	0.244	0.8	0	0.842	Srsf1	Pabpn1	PPI
Pabpn1	Pnn	10090.ENSMUSP00000022808	10090.ENSMUSP00000021381	0	0	0	0	0	0.438	0	0	0.438	Pnn	Pabpn1	PPI
Pabpn1	Wdr33	10090.ENSMUSP00000022808	10090.ENSMUSP00000025264	0	0	0	0	0	0.044	0.6	0	0.601	Wdr33	Pabpn1	PPI
Pabpn1	Srsf4	10090.ENSMUSP00000022808	10090.ENSMUSP00000061474	0	0	0	0	0	0.244	0.8	0	0.842	Srsf4	Pabpn1	PPI
Pabpn1	Srsf6	10090.ENSMUSP00000022808	10090.ENSMUSP00000119065	0	0	0	0	0	0.244	0.8	0	0.842	Srsf6	Pabpn1	PPI
Pabpn1	U2af2	10090.ENSMUSP00000022808	10090.ENSMUSP00000005041	0	0	0	0	0	0.141	0.8	0	0.82	U2af2	Pabpn1	PPI
Pabpn1	Srsf2	10090.ENSMUSP00000022808	10090.ENSMUSP00000090059	0	0	0	0.644	0	0.044	0.8	0	0.8	Srsf2	Pabpn1	PPI
Parva	Xrn2	10090.ENSMUSP00000033030	10090.ENSMUSP00000028921	0	0	0	0	0	0.607	0	0	0.607	Xrn2	Parva	PPI
Pbdc1	Ttll12	10090.ENSMUSP00000033577	10090.ENSMUSP00000016901	0	0	0	0	0	0.612	0	0	0.612	Ttll12	Pbdc1	PPI
Pcbp1	Rbmxl1	10090.ENSMUSP00000054863	10090.ENSMUSP00000048153	0	0	0	0	0	0.042	0.6	0	0.6	Rbmxl1	Pcbp1	PPI
Pcbp1	Rplp0	10090.ENSMUSP00000054863	10090.ENSMUSP00000083705	0	0	0	0	0	0.546	0	0	0.546	Rplp0	Pcbp1	PPI
Pdlim1	Pdlim5	10090.ENSMUSP00000064545	10090.ENSMUSP00000029941	0	0	0	0.668	0	0	0.54	0	0.54	Pdlim5	Pdlim1	PPI
Pdlim1	Sptan1	10090.ENSMUSP00000064545	10090.ENSMUSP00000097797	0	0	0	0	0	0.087	0.419	0	0.446	Sptan1	Pdlim1	PPI
Pdlim5	Plec	10090.ENSMUSP00000029941	10090.ENSMUSP00000075772	0	0	0	0	0	0.67	0.187	0	0.72	Plec	Pdlim5	PPI
Pdlim5	Sorbs2	10090.ENSMUSP00000029941	10090.ENSMUSP00000121619	0	0	0	0	0	0.638	0	0	0.638	Sorbs2	Pdlim5	PPI
Pdlim5	Sptan1	10090.ENSMUSP00000029941	10090.ENSMUSP00000097797	0	0	0	0	0	0.087	0.419	0	0.446	Sptan1	Pdlim5	PPI
Plec	Rplp0	10090.ENSMUSP00000075772	10090.ENSMUSP00000083705	0	0	0	0	0	0.586	0	0	0.586	Rplp0	Plec	PPI
Plec	Rplp1	10090.ENSMUSP00000075772	10090.ENSMUSP00000008036	0	0	0	0	0	0.502	0	0	0.502	Rplp1	Plec	PPI
Plec	Rpl13	10090.ENSMUSP00000075772	10090.ENSMUSP00000000756	0	0	0	0	0	0.586	0	0	0.586	Rpl13	Plec	PPI
Plec	Rplp2	10090.ENSMUSP00000075772	10090.ENSMUSP00000081474	0	0	0	0	0	0.704	0	0	0.704	Rplp2	Plec	PPI
Plec	Rpl6	10090.ENSMUSP00000075772	10090.ENSMUSP00000031617	0	0	0	0	0	0.586	0	0	0.586	Rpl6	Plec	PPI
Plec	Eloa	10090.ENSMUSP00000075772	10090.ENSMUSP00000030427	0	0	0	0	0	0.4	0	0	0.4	Eloa	Plec	PPI
Plec	Rpl26	10090.ENSMUSP00000075772	10090.ENSMUSP00000073175	0	0	0	0	0	0.708	0	0	0.708	Rpl26	Plec	PPI
Plec	Rpl22l1	10090.ENSMUSP00000075772	10090.ENSMUSP00000043111	0	0	0	0	0	0.586	0	0	0.586	Rpl22l1	Plec	PPI
Plec	Rps2	10090.ENSMUSP00000075772	10090.ENSMUSP00000092502	0	0	0	0	0	0.422	0	0	0.422	Rps2	Plec	PPI
Plec	Sptan1	10090.ENSMUSP00000075772	10090.ENSMUSP00000097797	0	0	0	0	0	0.375	0.212	0	0.486	Sptan1	Plec	PPI
Plec	Rpl15	10090.ENSMUSP00000075772	10090.ENSMUSP00000079163	0	0	0	0	0	0.589	0	0	0.589	Rpl15	Plec	PPI
Pnn	Srrm2	10090.ENSMUSP00000021381	10090.ENSMUSP00000085993	0	0	0	0	0	0.403	0	0	0.402	Srrm2	Pnn	PPI
Pnn	Prpf4b	10090.ENSMUSP00000021381	10090.ENSMUSP00000077019	0	0	0	0	0	0.671	0	0	0.671	Prpf4b	Pnn	PPI
Pnn	Thrap3	10090.ENSMUSP00000021381	10090.ENSMUSP00000079722	0	0	0	0	0	0.406	0	0	0.406	Thrap3	Pnn	PPI
Pnn	Zc3h18	10090.ENSMUSP00000021381	10090.ENSMUSP00000017622	0	0	0	0	0	0.508	0	0	0.508	Zc3h18	Pnn	PPI
Pnn	Srpk1	10090.ENSMUSP00000021381	10090.ENSMUSP00000116259	0	0	0	0	0	0.408	0	0	0.408	Srpk1	Pnn	PPI
Ppp1r2	Ppp1r7	10090.ENSMUSP00000060118	10090.ENSMUSP00000027494	0	0	0	0	0	0.762	0	0	0.762	Ppp1r7	Ppp1r2	PPI
Prkcd	Raf1	10090.ENSMUSP00000107830	10090.ENSMUSP00000000451	0	0	0	0.571	0	0.133	0.932	0	0.938	Raf1	Prkcd	PPI
Prpf40a	Srrm2	10090.ENSMUSP00000075655	10090.ENSMUSP00000085993	0	0	0	0	0	0.402	0	0	0.402	Srrm2	Prpf40a	PPI
Prpf40a	Rbm25	10090.ENSMUSP00000075655	10090.ENSMUSP00000048470	0	0	0	0	0	0.707	0	0	0.707	Rbm25	Prpf40a	PPI
Prpf40a	Prpf4b	10090.ENSMUSP00000075655	10090.ENSMUSP00000077019	0	0	0	0	0	0.691	0	0	0.691	Prpf4b	Prpf40a	PPI
Prpf40a	Rbm39	10090.ENSMUSP00000075655	10090.ENSMUSP00000105216	0	0	0	0	0	0.406	0	0	0.406	Rbm39	Prpf40a	PPI
Prpf40a	U2af2	10090.ENSMUSP00000075655	10090.ENSMUSP00000005041	0	0	0	0	0	0.309	0.54	0	0.668	U2af2	Prpf40a	PPI
Prpf4b	Srsf7	10090.ENSMUSP00000077019	10090.ENSMUSP00000070983	0	0	0	0	0	0.734	0	0	0.734	Srsf7	Prpf4b	PPI
Prpf4b	Rbm25	10090.ENSMUSP00000077019	10090.ENSMUSP00000048470	0	0	0	0	0	0.694	0	0	0.694	Rbm25	Prpf4b	PPI
Prrc2a	Prrc2c	10090.ENSMUSP00000025253	10090.ENSMUSP00000138433	0	0	0	0.669	0	0.693	0	0	0.693	Prrc2c	Prrc2a	PPI
Rabl6	Uso1	10090.ENSMUSP00000058746	10090.ENSMUSP00000031355	0	0	0	0	0	0.4	0	0	0.4	Uso1	Rabl6	PPI
Ranbp3	Supt5h	10090.ENSMUSP00000002445	10090.ENSMUSP00000003527	0	0	0	0	0	0.65	0	0	0.65	Supt5h	Ranbp3	PPI
Rbm25	Srrm2	10090.ENSMUSP00000048470	10090.ENSMUSP00000085993	0	0	0	0	0	0.559	0	0	0.559	Srrm2	Rbm25	PPI
Rbm25	Srrm1	10090.ENSMUSP00000048470	10090.ENSMUSP00000125003	0	0	0	0	0	0.584	0	0	0.584	Srrm1	Rbm25	PPI
Rbm39	Srrm2	10090.ENSMUSP00000105216	10090.ENSMUSP00000085993	0	0	0	0	0	0.629	0	0	0.629	Srrm2	Rbm39	PPI
Rbm39	U2af2	10090.ENSMUSP00000105216	10090.ENSMUSP00000005041	0	0	0	0.591	0	0.894	0	0	0.894	U2af2	Rbm39	PPI
Rpl13	Rps2	10090.ENSMUSP00000000756	10090.ENSMUSP00000092502	0	0	0	0	0	0.824	0	0	0.824	Rps2	Rpl13	PPI
Rpl13	Rplp1	10090.ENSMUSP00000000756	10090.ENSMUSP00000008036	0	0	0	0	0	0.859	0.8	0	0.97	Rplp1	Rpl13	PPI
Rpl13	Rplp0	10090.ENSMUSP00000000756	10090.ENSMUSP00000083705	0	0	0	0	0	0.845	0.8	0	0.967	Rplp0	Rpl13	PPI
Rpl13	Rplp2	10090.ENSMUSP00000000756	10090.ENSMUSP00000081474	0	0	0	0	0	0.908	0.8	0	0.98	Rplp2	Rpl13	PPI
Rpl13	Rpl22l1	10090.ENSMUSP00000000756	10090.ENSMUSP00000043111	0	0	0	0	0	0.862	0.6	0	0.942	Rpl22l1	Rpl13	PPI
Rpl13	Rpl15	10090.ENSMUSP00000000756	10090.ENSMUSP00000079163	0	0	0	0	0	0.974	0.8	0	0.994	Rpl15	Rpl13	PPI
Rpl13	Rpl6	10090.ENSMUSP00000000756	10090.ENSMUSP00000031617	0	0	0	0	0	0.95	0.8	0	0.989	Rpl6	Rpl13	PPI
Rpl13	Eloa	10090.ENSMUSP00000000756	10090.ENSMUSP00000030427	0	0	0	0	0	0.551	0	0	0.551	Eloa	Rpl13	PPI
Rpl13	Rpl26	10090.ENSMUSP00000000756	10090.ENSMUSP00000073175	0	0	0	0	0	0.98	0.8	0	0.995	Rpl26	Rpl13	PPI
Rpl15	Rplp1	10090.ENSMUSP00000079163	10090.ENSMUSP00000008036	0	0	0	0	0	0.863	0.8	0	0.971	Rplp1	Rpl15	PPI
Rpl15	Rpl6	10090.ENSMUSP00000079163	10090.ENSMUSP00000031617	0	0	0	0	0	0.974	0.8	0	0.994	Rpl6	Rpl15	PPI
Rpl15	Rps2	10090.ENSMUSP00000079163	10090.ENSMUSP00000092502	0	0	0	0	0	0.833	0	0	0.833	Rps2	Rpl15	PPI
Rpl15	Rpl26	10090.ENSMUSP00000079163	10090.ENSMUSP00000073175	0	0	0	0	0	0.981	0.8	0	0.996	Rpl26	Rpl15	PPI
Rpl15	Rplp2	10090.ENSMUSP00000079163	10090.ENSMUSP00000081474	0	0	0	0	0	0.909	0.8	0	0.981	Rplp2	Rpl15	PPI
Rpl15	Rpl22l1	10090.ENSMUSP00000079163	10090.ENSMUSP00000043111	0	0	0	0	0	0.632	0.6	0	0.846	Rpl22l1	Rpl15	PPI
Rpl15	Rplp0	10090.ENSMUSP00000079163	10090.ENSMUSP00000083705	0	0	0	0	0	0.889	0.8	0	0.976	Rplp0	Rpl15	PPI
Rpl15	Eloa	10090.ENSMUSP00000079163	10090.ENSMUSP00000030427	0	0	0	0	0	0.551	0	0	0.551	Eloa	Rpl15	PPI
Rpl22l1	Rpl6	10090.ENSMUSP00000043111	10090.ENSMUSP00000031617	0	0	0	0	0	0.633	0.6	0	0.846	Rpl6	Rpl22l1	PPI
Rpl22l1	Eloa	10090.ENSMUSP00000043111	10090.ENSMUSP00000030427	0	0	0	0	0	0.421	0	0	0.42	Eloa	Rpl22l1	PPI
Rpl22l1	Rplp2	10090.ENSMUSP00000043111	10090.ENSMUSP00000081474	0	0	0	0	0	0.753	0.6	0	0.896	Rplp2	Rpl22l1	PPI
Rpl22l1	Rplp1	10090.ENSMUSP00000043111	10090.ENSMUSP00000008036	0	0	0	0	0	0.586	0.6	0	0.827	Rplp1	Rpl22l1	PPI
Rpl22l1	Rpl26	10090.ENSMUSP00000043111	10090.ENSMUSP00000073175	0	0	0	0	0	0.745	0.6	0	0.893	Rpl26	Rpl22l1	PPI
Rpl22l1	Rplp0	10090.ENSMUSP00000043111	10090.ENSMUSP00000083705	0	0	0	0	0	0.65	0.6	0	0.854	Rplp0	Rpl22l1	PPI
Rpl22l1	Rps2	10090.ENSMUSP00000043111	10090.ENSMUSP00000092502	0	0	0	0	0	0.796	0	0	0.796	Rps2	Rpl22l1	PPI
Rpl26	Rps2	10090.ENSMUSP00000073175	10090.ENSMUSP00000092502	0	0	0	0	0	0.853	0	0	0.853	Rps2	Rpl26	PPI
Rpl26	Eloa	10090.ENSMUSP00000073175	10090.ENSMUSP00000030427	0	0	0	0	0	0.645	0	0	0.645	Eloa	Rpl26	PPI
Rpl26	Rplp2	10090.ENSMUSP00000073175	10090.ENSMUSP00000081474	0	0	0	0	0	0.965	0.8	0	0.992	Rplp2	Rpl26	PPI
Rpl26	Rplp0	10090.ENSMUSP00000073175	10090.ENSMUSP00000083705	0	0	0	0	0	0.914	0.8	0	0.982	Rplp0	Rpl26	PPI
Rpl26	Rplp1	10090.ENSMUSP00000073175	10090.ENSMUSP00000008036	0	0	0	0	0	0.737	0.8	0	0.945	Rplp1	Rpl26	PPI
Rpl26	Stt3b	10090.ENSMUSP00000073175	10090.ENSMUSP00000035010	0	0	0	0	0	0.426	0	0	0.426	Stt3b	Rpl26	PPI
Rpl26	Rpl6	10090.ENSMUSP00000073175	10090.ENSMUSP00000031617	0	0	0	0	0	0.98	0.8	0	0.995	Rpl6	Rpl26	PPI
Rpl6	Rps2	10090.ENSMUSP00000031617	10090.ENSMUSP00000092502	0	0	0	0	0	0.654	0	0	0.654	Rps2	Rpl6	PPI
Rpl6	Eloa	10090.ENSMUSP00000031617	10090.ENSMUSP00000030427	0	0	0	0	0	0.434	0	0	0.434	Eloa	Rpl6	PPI
Rpl6	Rplp1	10090.ENSMUSP00000031617	10090.ENSMUSP00000008036	0	0	0	0	0	0.854	0.8	0	0.969	Rplp1	Rpl6	PPI
Rpl6	Rplp2	10090.ENSMUSP00000031617	10090.ENSMUSP00000081474	0	0	0	0	0	0.905	0.8	0	0.98	Rplp2	Rpl6	PPI
Rpl6	Rplp0	10090.ENSMUSP00000031617	10090.ENSMUSP00000083705	0	0	0	0	0	0.835	0.8	0	0.965	Rplp0	Rpl6	PPI
Rplp0	Rplp2	10090.ENSMUSP00000083705	10090.ENSMUSP00000081474	0	0	0	0	0	0.911	0.8	0	0.981	Rplp2	Rplp0	PPI
Rplp0	Rplp1	10090.ENSMUSP00000083705	10090.ENSMUSP00000008036	0	0	0	0	0	0.858	0.8	0	0.97	Rplp1	Rplp0	PPI
Rplp0	Rps2	10090.ENSMUSP00000083705	10090.ENSMUSP00000092502	0	0	0	0	0	0.673	0	0	0.673	Rps2	Rplp0	PPI
Rplp1	Rplp2	10090.ENSMUSP00000008036	10090.ENSMUSP00000081474	0	0	0	0	0	0.903	0.8	0	0.979	Rplp2	Rplp1	PPI
Rplp1	Rps2	10090.ENSMUSP00000008036	10090.ENSMUSP00000092502	0	0	0	0	0	0.473	0	0	0.473	Rps2	Rplp1	PPI
Rplp2	Rps2	10090.ENSMUSP00000081474	10090.ENSMUSP00000092502	0	0	0	0	0	0.85	0	0	0.85	Rps2	Rplp2	PPI
Rps2	Xrn2	10090.ENSMUSP00000092502	10090.ENSMUSP00000028921	0	0	0	0	0	0.201	0.9	0	0.916	Xrn2	Rps2	PPI
Rps2	Snd1	10090.ENSMUSP00000092502	10090.ENSMUSP00000001460	0	0	0	0	0	0.637	0	0	0.637	Snd1	Rps2	PPI
Sec16a	Sec31a	10090.ENSMUSP00000109716	10090.ENSMUSP00000092157	0	0	0	0	0	0.466	0.6	0	0.777	Sec31a	Sec16a	PPI
Sec31a	Uso1	10090.ENSMUSP00000092157	10090.ENSMUSP00000031355	0	0	0	0	0	0	0.6	0	0.6	Uso1	Sec31a	PPI
Sirt2	Tuba4a	10090.ENSMUSP00000072732	10090.ENSMUSP00000140657	0	0	0	0	0	0.13	0.389	0	0.445	Tuba4a	Sirt2	PPI
Smarcc2	Top2b	10090.ENSMUSP00000100868	10090.ENSMUSP00000017629	0	0	0	0	0	0.328	0.629	0	0.74	Top2b	Smarcc2	PPI
Snw1	Srrm2	10090.ENSMUSP00000021428	10090.ENSMUSP00000085993	0	0	0	0	0	0.896	0.72	0	0.969	Srrm2	Snw1	PPI
Snw1	U2af2	10090.ENSMUSP00000021428	10090.ENSMUSP00000005041	0	0	0	0	0	0.655	0	0	0.655	U2af2	Snw1	PPI
Snw1	Srrm1	10090.ENSMUSP00000021428	10090.ENSMUSP00000125003	0	0	0	0	0	0.697	0	0	0.697	Srrm1	Snw1	PPI
Sptan1	Sptbn1	10090.ENSMUSP00000097797	10090.ENSMUSP00000099902	0	0	0	0.694	0	0.916	0.589	0	0.964	Sptbn1	Sptan1	PPI
Sptan1	Synpo2	10090.ENSMUSP00000097797	10090.ENSMUSP00000102034	0	0	0	0	0	0.087	0.419	0	0.446	Synpo2	Sptan1	PPI
Sptan1	Uso1	10090.ENSMUSP00000097797	10090.ENSMUSP00000031355	0	0	0	0	0	0	0.6	0	0.6	Uso1	Sptan1	PPI
Sptbn1	Uso1	10090.ENSMUSP00000099902	10090.ENSMUSP00000031355	0	0	0	0	0	0	0.6	0	0.6	Uso1	Sptbn1	PPI
Srpk1	Srsf2	10090.ENSMUSP00000116259	10090.ENSMUSP00000090059	0	0	0	0	0	0.327	0.8	0	0.859	Srsf2	Srpk1	PPI
Srpk1	Srsf7	10090.ENSMUSP00000116259	10090.ENSMUSP00000070983	0	0	0	0	0	0.143	0.8	0	0.821	Srsf7	Srpk1	PPI
Srpk1	Srsf1	10090.ENSMUSP00000116259	10090.ENSMUSP00000120595	0	0	0	0	0	0.764	0.8	0	0.95	Srsf1	Srpk1	PPI
Srpk1	Srsf6	10090.ENSMUSP00000116259	10090.ENSMUSP00000119065	0	0	0	0	0	0.511	0.8	0	0.898	Srsf6	Srpk1	PPI
Srpk1	U2af2	10090.ENSMUSP00000116259	10090.ENSMUSP00000005041	0	0	0	0	0	0.683	0	0	0.683	U2af2	Srpk1	PPI
Srpk1	Srsf4	10090.ENSMUSP00000116259	10090.ENSMUSP00000061474	0	0	0	0	0	0.511	0.8	0	0.898	Srsf4	Srpk1	PPI
Srrm1	Srrm2	10090.ENSMUSP00000125003	10090.ENSMUSP00000085993	0	0	0	0	0	0.909	0.8	0	0.981	Srrm2	Srrm1	PPI
Srrm1	Srsf6	10090.ENSMUSP00000125003	10090.ENSMUSP00000119065	0	0	0	0	0	0.262	0.6	0	0.692	Srsf6	Srrm1	PPI
Srrm1	Srsf4	10090.ENSMUSP00000125003	10090.ENSMUSP00000061474	0	0	0	0	0	0.262	0.6	0	0.692	Srsf4	Srrm1	PPI
Srrm1	Tpr	10090.ENSMUSP00000125003	10090.ENSMUSP00000117616	0	0	0	0	0	0	0.6	0	0.6	Tpr	Srrm1	PPI
Srrm1	Wdr33	10090.ENSMUSP00000125003	10090.ENSMUSP00000025264	0	0	0	0	0	0	0.6	0	0.6	Wdr33	Srrm1	PPI
Srrm1	Srsf2	10090.ENSMUSP00000125003	10090.ENSMUSP00000090059	0	0	0	0	0	0.912	0.6	0	0.963	Srsf2	Srrm1	PPI
Srrm1	Srsf1	10090.ENSMUSP00000125003	10090.ENSMUSP00000120595	0	0	0	0	0	0.922	0.6	0	0.967	Srsf1	Srrm1	PPI
Srrm1	U2af2	10090.ENSMUSP00000125003	10090.ENSMUSP00000005041	0	0	0	0	0	0.057	0.6	0	0.606	U2af2	Srrm1	PPI
Srrm2	Srsf1	10090.ENSMUSP00000085993	10090.ENSMUSP00000120595	0	0	0	0	0	0.708	0	0	0.708	Srsf1	Srrm2	PPI
Srrm2	Zc3h18	10090.ENSMUSP00000085993	10090.ENSMUSP00000017622	0	0	0	0	0	0.704	0	0	0.704	Zc3h18	Srrm2	PPI
Srsf1	Srsf2	10090.ENSMUSP00000120595	10090.ENSMUSP00000090059	0	0	0	0.677	0	0.941	0.856	0	0.991	Srsf2	Srsf1	PPI
Srsf1	Srsf7	10090.ENSMUSP00000120595	10090.ENSMUSP00000070983	0	0	0	0.704	0	0.716	0	0	0.716	Srsf7	Srsf1	PPI
Srsf1	Srsf6	10090.ENSMUSP00000120595	10090.ENSMUSP00000119065	0	0	0	0.866	0	0.602	0.8	0	0.917	Srsf6	Srsf1	PPI
Srsf1	Srsf10	10090.ENSMUSP00000120595	10090.ENSMUSP00000101479	0	0	0	0	0	0.402	0	0	0.402	Srsf10	Srsf1	PPI
Srsf1	Wdr33	10090.ENSMUSP00000120595	10090.ENSMUSP00000025264	0	0	0	0	0	0.162	0.6	0	0.65	Wdr33	Srsf1	PPI
Srsf1	U2af2	10090.ENSMUSP00000120595	10090.ENSMUSP00000005041	0	0	0	0	0	0.714	0.861	0	0.958	U2af2	Srsf1	PPI
Srsf1	Srsf4	10090.ENSMUSP00000120595	10090.ENSMUSP00000061474	0	0	0	0.869	0	0.383	0.8	0	0.871	Srsf4	Srsf1	PPI
Srsf1	Top2b	10090.ENSMUSP00000120595	10090.ENSMUSP00000017629	0	0	0	0	0	0.568	0	0	0.568	Top2b	Srsf1	PPI
Srsf10	Srsf4	10090.ENSMUSP00000101479	10090.ENSMUSP00000061474	0	0	0	0.659	0	0.414	0	0	0.414	Srsf4	Srsf10	PPI
Srsf2	Srsf7	10090.ENSMUSP00000090059	10090.ENSMUSP00000070983	0	0	0	0.835	0	0.748	0	0	0.748	Srsf7	Srsf2	PPI
Srsf2	Srsf6	10090.ENSMUSP00000090059	10090.ENSMUSP00000119065	0	0	0	0.787	0	0.567	0.856	0	0.935	Srsf6	Srsf2	PPI
Srsf2	Wdr33	10090.ENSMUSP00000090059	10090.ENSMUSP00000025264	0	0	0	0	0	0	0.6	0	0.6	Wdr33	Srsf2	PPI
Srsf2	Srsf4	10090.ENSMUSP00000090059	10090.ENSMUSP00000061474	0	0	0	0.731	0	0.27	0.856	0	0.89	Srsf4	Srsf2	PPI
Srsf2	Top2b	10090.ENSMUSP00000090059	10090.ENSMUSP00000017629	0	0	0	0	0	0.568	0	0	0.568	Top2b	Srsf2	PPI
Srsf2	U2af2	10090.ENSMUSP00000090059	10090.ENSMUSP00000005041	0	0	0	0	0	0.08	0.8	0	0.808	U2af2	Srsf2	PPI
Srsf4	Srsf6	10090.ENSMUSP00000061474	10090.ENSMUSP00000119065	0	0	0	0.957	0	0.402	0.8	0	0.875	Srsf6	Srsf4	PPI
Srsf4	Wdr33	10090.ENSMUSP00000061474	10090.ENSMUSP00000025264	0	0	0	0	0	0.162	0.6	0	0.65	Wdr33	Srsf4	PPI
Srsf4	U2af2	10090.ENSMUSP00000061474	10090.ENSMUSP00000005041	0	0	0	0	0	0.402	0.861	0	0.913	U2af2	Srsf4	PPI
Srsf6	U2af2	10090.ENSMUSP00000119065	10090.ENSMUSP00000005041	0	0	0	0	0	0.402	0.861	0	0.913	U2af2	Srsf6	PPI
Srsf6	Srsf7	10090.ENSMUSP00000119065	10090.ENSMUSP00000070983	0	0	0	0.746	0	0.526	0	0	0.526	Srsf7	Srsf6	PPI
Srsf6	Wdr33	10090.ENSMUSP00000119065	10090.ENSMUSP00000025264	0	0	0	0	0	0.162	0.6	0	0.65	Wdr33	Srsf6	PPI
Ssr1	Ssr3	10090.ENSMUSP00000021864	10090.ENSMUSP00000029414	0	0	0	0	0	0.881	0.8	0	0.975	Ssr3	Ssr1	PPI
Ssrp1	Eloa	10090.ENSMUSP00000076971	10090.ENSMUSP00000030427	0	0	0	0	0	0	0.6	0	0.6	Eloa	Ssrp1	PPI
Ssrp1	Zc3h18	10090.ENSMUSP00000076971	10090.ENSMUSP00000017622	0	0	0	0	0	0.423	0	0	0.422	Zc3h18	Ssrp1	PPI
Ssrp1	Supt5h	10090.ENSMUSP00000076971	10090.ENSMUSP00000003527	0	0	0	0	0	0.732	0.6	0	0.888	Supt5h	Ssrp1	PPI
Supt5h	Eloa	10090.ENSMUSP00000003527	10090.ENSMUSP00000030427	0	0	0	0	0	0	0.6	0	0.6	Eloa	Supt5h	PPI
Tjp1	Tjp2	10090.ENSMUSP00000099652	10090.ENSMUSP00000097154	0	0	0	0.902	0	0.766	0.8	0	0.951	Tjp2	Tjp1	PPI
Tjp1	Tuba4a	10090.ENSMUSP00000099652	10090.ENSMUSP00000140657	0	0	0	0	0	0.059	0.8	0	0.803	Tuba4a	Tjp1	PPI
Tpd52	Tpd52l2	10090.ENSMUSP00000091943	10090.ENSMUSP00000117690	0	0	0	0.897	0	0.728	0	0	0.728	Tpd52l2	Tpd52	PPI
Tpd52	Tpd52l1	10090.ENSMUSP00000091943	10090.ENSMUSP00000000305	0	0	0	0.936	0	0.209	0.9	0	0.917	Tpd52l1	Tpd52	PPI
Tppp	Tuba4a	10090.ENSMUSP00000022057	10090.ENSMUSP00000140657	0	0	0	0	0	0.972	0	0	0.972	Tuba4a	Tppp	PPI
Tpr	Wdr33	10090.ENSMUSP00000117616	10090.ENSMUSP00000025264	0	0	0	0	0	0.074	0.9	0	0.903	Wdr33	Tpr	PPI
U2af2	Wdr33	10090.ENSMUSP00000005041	10090.ENSMUSP00000025264	0	0	0	0	0	0	0.6	0	0.6	Wdr33	U2af2	PPI
Aarsd1	Aarsd1 S409														Phospho-site
Aarsd1	Aarsd1 S88														Phospho-site
Abcf1	Abcf1 S138														Phospho-site
Acacb	Acacb S136														Phospho-site
Acacb	Acacb T206														Phospho-site
Acin1	Acin1 S655														Phospho-site
Acin1	Acin1 S657														Phospho-site
Adam10	Adam10 T720														Phospho-site
Add1	Add1 S436														Phospho-site
Add1	Add1 S586														Phospho-site
Ahsg	Ahsg S309														Phospho-site
Ahsg	Ahsg S312														Phospho-site
Ahsg	Ahsg S314														Phospho-site
Aimp2	Aimp2 S36														Phospho-site
Akap12	Akap12 S613														Phospho-site
Akap12	Akap12 S615														Phospho-site
Akap8	Akap8 S320														Phospho-site
Akap8	Akap8 S325														Phospho-site
Akap8	Akap8 S336														Phospho-site
Akt2	Akt2 T451														Phospho-site
Ap3d1	Ap3d1 S754														Phospho-site
Ap3d1	Ap3d1 S760														Phospho-site
Ap3d1	Ap3d1 S784														Phospho-site
Ap3d1	Ap3d1 S825														Phospho-site
Ap3d1	Ap3d1 T758														Phospho-site
Ap3d1	Ap3d1 T870														Phospho-site
Apoe	Apoe S139														Phospho-site
Arfgef3	Arfgef3 S1881														Phospho-site
Arfgef3	Arfgef3 S2090														Phospho-site
Arfgef3	Arfgef3 S2093														Phospho-site
Arhgap45	Arhgap45 S577														Phospho-site
Atad1	Atad1 S322														Phospho-site
Atp2a2	Atp2a2 S663														Phospho-site
Atp2b1	Atp2b1 S1155														Phospho-site
Atp2b1	Atp2b1 T1165														Phospho-site
Atxn2l	Atxn2l S337														Phospho-site
Aven	Aven S82														Phospho-site
Bckdha	Bckdha S344														Phospho-site
Bcl2l13	Bcl2l13 S343														Phospho-site
Bclaf1	Bclaf1 S395														Phospho-site
Bclaf1	Bclaf1 S529														Phospho-site
Bclaf1	Bclaf1 S646														Phospho-site
Bclaf1	Bclaf1 T400														Phospho-site
Bin1	Bin1 S296														Phospho-site
Bin1	Bin1 S298														Phospho-site
Bin1	Bin1 S304														Phospho-site
Bin1	Bin1 S332														Phospho-site
Camk2d	Camk2d T287														Phospho-site
Camk2d	Camk2d T337														Phospho-site
Canx	Canx S563														Phospho-site
Cavin1	Cavin1 S169														Phospho-site
Cavin1	Cavin1 S204														Phospho-site
Cavin1	Cavin1 S205														Phospho-site
Cavin2	Cavin2 S178														Phospho-site
Cavin2	Cavin2 S192														Phospho-site
Cavin2	Cavin2 S203														Phospho-site
Cavin2	Cavin2 S204														Phospho-site
Cavin2	Cavin2 S327														Phospho-site
Cavin2	Cavin2 S359														Phospho-site
Cavin2	Cavin2 S363														Phospho-site
Cavin3	Cavin3 S165														Phospho-site
Cavin3	Cavin3 S166														Phospho-site
Cbx1	Cbx1 S89														Phospho-site
Ccdc43	Ccdc43 T137														Phospho-site
Cckar	Cckar S256														Phospho-site
Cckar	Cckar S265														Phospho-site
Cckar	Cckar S422														Phospho-site
Cckar	Cckar S425														Phospho-site
Cckar	Cckar S430														Phospho-site
Cers2	Cers2 S341														Phospho-site
Cgnl1	Cgnl1 S443														Phospho-site
Chd4	Chd4 S1528														Phospho-site
Chd4	Chd4 S421														Phospho-site
Cherp	Cherp S824														Phospho-site
Cherp	Cherp S826														Phospho-site
Cherp	Cherp T828														Phospho-site
Clip1	Clip1 S194														Phospho-site
Clip1	Clip1 S199														Phospho-site
Clip1	Clip1 S203														Phospho-site
Cltc	Cltc T394														Phospho-site
Cobll1	Cobll1 S1215														Phospho-site
Cobll1	Cobll1 S546														Phospho-site
Cobll1	Cobll1 S551														Phospho-site
Col1a1	Col1a1 S173														Phospho-site
Col3a1	Col3a1 S1038														Phospho-site
Coro1a	Coro1a T418														Phospho-site
Ctnnd1	Ctnnd1 S252														Phospho-site
Ctnnd1	Ctnnd1 S346														Phospho-site
Ctnnd1	Ctnnd1 S349														Phospho-site
Ctnnd1	Ctnnd1 S352														Phospho-site
Ctnnd1	Ctnnd1 S920														Phospho-site
Dbnl	Dbnl T299														Phospho-site
Denr	Denr S73														Phospho-site
Dkc1	Dkc1 S451														Phospho-site
Dkc1	Dkc1 S453														Phospho-site
Dkc1	Dkc1 S455														Phospho-site
Dnajc1	Dnajc1 S477														Phospho-site
Dnajc1	Dnajc1 S478														Phospho-site
Dnajc2	Dnajc2 S60														Phospho-site
Dnajc2	Dnajc2 S63														Phospho-site
Dock7	Dock7 S432														Phospho-site
Edc4	Edc4 S727														Phospho-site
Eef1b	Eef1b S106														Phospho-site
Eef1b	Eef1b S90														Phospho-site
Eef1d	Eef1d S162														Phospho-site
Eef1d	Eef1d T147														Phospho-site
Eef2	Eef2 T435														Phospho-site
Eef2k	Eef2k T347														Phospho-site
Eif3b	Eif3b S37														Phospho-site
Eif3b	Eif3b S40														Phospho-site
Eif3b	Eif3b S68														Phospho-site
Eif3b	Eif3b S79														Phospho-site
Eif3c	Eif3c S166														Phospho-site
Eif3c	Eif3c S39														Phospho-site
Eif3c	Eif3c T522														Phospho-site
Eif3g	Eif3g S42														Phospho-site
Eif3g	Eif3g T41														Phospho-site
Eif3h	Eif3h S183														Phospho-site
Eif3j1	Eif3j1 S130														Phospho-site
Eif4b	Eif4b S445														Phospho-site
Eif4b	Eif4b S459														Phospho-site
Eif4ebp1	Eif4ebp1 T69														Phospho-site
Eif4g1	Eif4g1 S1231														Phospho-site
Eif4g3	Eif4g3 S472														Phospho-site
Eif5b	Eif5b S108														Phospho-site
Eif5b	Eif5b S114														Phospho-site
Eif5b	Eif5b S137														Phospho-site
Eif5b	Eif5b S139														Phospho-site
Eif5b	Eif5b S510														Phospho-site
Eif5b	Eif5b T497														Phospho-site
Eloa	Eloa S195														Phospho-site
Eloa	Eloa S309														Phospho-site
Erich5	Erich5 S28														Phospho-site
Flna	Flna S1459														Phospho-site
Flna	Flna T1750														Phospho-site
Fn1	Fn1 S2475														Phospho-site
Fndc3a	Fndc3a S213														Phospho-site
Fundc1	Fundc1 S13														Phospho-site
G3bp2	G3bp2 S141														Phospho-site
G3bp2	G3bp2 S149														Phospho-site
Gapdh	Gapdh T182														Phospho-site
Gcg	Gcg S150														Phospho-site
Gcg	Gcg S152														Phospho-site
Gnl1	Gnl1 S51														Phospho-site
Gphn	Gphn S328														Phospho-site
Gsk3b	Gsk3b S9														Phospho-site
Gtpbp1	Gtpbp1 S44														Phospho-site
Gtpbp1	Gtpbp1 S47														Phospho-site
Hbb-b1	Hbb-b1 S53														Phospho-site
Hbb-b1	Hbb-b1 S81														Phospho-site
Hdac2	Hdac2 S394														Phospho-site
Hdac2	Hdac2 S422														Phospho-site
Hdac2	Hdac2 S424														Phospho-site
Hdgf	Hdgf S132														Phospho-site
Hdgf	Hdgf S133														Phospho-site
Hnrnpa3	Hnrnpa3 S359														Phospho-site
Hnrnpc	Hnrnpc S268														Phospho-site
Hnrnpc	Hnrnpc S313														Phospho-site
Hnrnpk	Hnrnpk S116														Phospho-site
Hnrnpu	Hnrnpu S247														Phospho-site
Hsp90aa1	Hsp90aa1 S252														Phospho-site
Hsp90aa1	Hsp90aa1 S263														Phospho-site
Hsp90ab1	Hsp90ab1 S226														Phospho-site
Hsp90ab1	Hsp90ab1 S255														Phospho-site
Hspb1	Hspb1 S86														Phospho-site
Irag2	Irag2 S347														Phospho-site
Irf2bp2	Irf2bp2 S440														Phospho-site
Isoc1	Isoc1 S295														Phospho-site
Itgb4	Itgb4 T973														Phospho-site
Krt18	Krt18 S394														Phospho-site
Krt20	Krt20 S41														Phospho-site
Lad1	Lad1 S56														Phospho-site
Lad1	Lad1 S62														Phospho-site
Larp1	Larp1 S1032														Phospho-site
Larp1	Larp1 S302														Phospho-site
Larp1	Larp1 S68														Phospho-site
Larp1	Larp1 S81														Phospho-site
Larp1	Larp1 S824														Phospho-site
Lbr	Lbr S67														Phospho-site
Lbr	Lbr S71														Phospho-site
Map2	Map2 S1539														Phospho-site
Map2	Map2 S1783														Phospho-site
Map2	Map2 T1609														Phospho-site
Map2	Map2 T1650														Phospho-site
Map4	Map4 S475														Phospho-site
Map7	Map7 S209														Phospho-site
Map7	Map7 S316														Phospho-site
Marcks	Marcks S156														Phospho-site
Marcks	Marcks S160														Phospho-site
Marcks	Marcks S163														Phospho-site
Matr3	Matr3 S188														Phospho-site
Mecp2	Mecp2 S80														Phospho-site
Mia2	Mia2 S1188														Phospho-site
Mia2	Mia2 S1190														Phospho-site
Mindy1	Mindy1 S440														Phospho-site
Mta2	Mta2 S435														Phospho-site
Mybbp1a	Mybbp1a S722														Phospho-site
Myh11	Myh11 S1954														Phospho-site
Myh9	Myh9 S1943														Phospho-site
Mylk	Mylk S1795														Phospho-site
Mylk	Mylk S1798														Phospho-site
Mylk	Mylk S1801														Phospho-site
Myo18a	Myo18a S140														Phospho-site
Myo18a	Myo18a S2037														Phospho-site
Myo18a	Myo18a S2039														Phospho-site
Ncl	Ncl S145														Phospho-site
Ncl	Ncl S157														Phospho-site
Ncl	Ncl S189														Phospho-site
Ncl	Ncl S212														Phospho-site
Ndrg1	Ndrg1 S2														Phospho-site
Nedd4	Nedd4 S309														Phospho-site
Nedd4	Nedd4 T287														Phospho-site
Niban1	Niban1 S578														Phospho-site
Niban1	Niban1 S581														Phospho-site
Niban2	Niban2 S628														Phospho-site
Nolc1	Nolc1 S563														Phospho-site
Nop56	Nop56 S529														Phospho-site
Nop56	Nop56 S536														Phospho-site
Nop56	Nop56 S543														Phospho-site
Nucks1	Nucks1 S19														Phospho-site
Nucks1	Nucks1 S58														Phospho-site
Nucks1	Nucks1 S61														Phospho-site
Nup214	Nup214 S1139														Phospho-site
Osbp	Osbp S188														Phospho-site
Osbp	Osbp S191														Phospho-site
Ostf1	Ostf1 S203														Phospho-site
Ostf1	Ostf1 S214														Phospho-site
Pabpc1	Pabpc1 S599														Phospho-site
Pabpn1	Pabpn1 S146														Phospho-site
Palld	Palld S1146														Phospho-site
Parva	Parva S19														Phospho-site
Pbdc1	Pbdc1 S184														Phospho-site
Pcbp1	Pcbp1 S246														Phospho-site
Pdap1	Pdap1 S60														Phospho-site
Pdap1	Pdap1 S63														Phospho-site
Pdcd4	Pdcd4 S313														Phospho-site
Pdcl3	Pdcl3 S65														Phospho-site
Pdlim1	Pdlim1 T212														Phospho-site
Pdlim5	Pdlim5 S332														Phospho-site
Pgrmc2	Pgrmc2 S202														Phospho-site
Pgrmc2	Pgrmc2 T205														Phospho-site
Plcd1	Plcd1 S460														Phospho-site
Plcd1	Plcd1 T457														Phospho-site
Plec	Plec S1729														Phospho-site
Plekho2	Plekho2 S395														Phospho-site
Plin1	Plin1 S410														Phospho-site
Plin3	Plin3 T220														Phospho-site
Pnn	Pnn S100														Phospho-site
Ppp1r2	Ppp1r2 S122														Phospho-site
Ppp1r2	Ppp1r2 S123														Phospho-site
Ppp1r7	Ppp1r7 S24														Phospho-site
Ppp1r7	Ppp1r7 S27														Phospho-site
Prkcd	Prkcd S504														Phospho-site
Prkcd	Prkcd T218														Phospho-site
Prpf40a	Prpf40a T369														Phospho-site
Prpf4b	Prpf4b S240														Phospho-site
Prpf4b	Prpf4b S242														Phospho-site
Prpf4b	Prpf4b S578														Phospho-site
Prpf4b	Prpf4b S580														Phospho-site
Prpf4b	Prpf4b S88														Phospho-site
Prpf4b	Prpf4b S94														Phospho-site
Prpsap1	Prpsap1 S215														Phospho-site
Prrc2a	Prrc2a S342														Phospho-site
Prrc2a	Prrc2a S350														Phospho-site
Prrc2c	Prrc2c S1219														Phospho-site
Prrc2c	Prrc2c S1222														Phospho-site
Ptges3	Ptges3 S148														Phospho-site
Ptges3	Ptges3 S151														Phospho-site
Purb	Purb S316														Phospho-site
Rabl6	Rabl6 S482														Phospho-site
Rabl6	Rabl6 S483														Phospho-site
Rabl6	Rabl6 S594														Phospho-site
Rabl6	Rabl6 T526														Phospho-site
Rabl6	Rabl6 T597														Phospho-site
Raly	Raly S294														Phospho-site
Raly	Raly T292														Phospho-site
Ranbp3	Ranbp3 S40														Phospho-site
Ranbp3	Ranbp3 S58														Phospho-site
Rap1gap	Rap1gap S606														Phospho-site
Rbm14	Rbm14 T206														Phospho-site
Rbm25	Rbm25 S578														Phospho-site
Rbm39	Rbm39 S127														Phospho-site
Rbm39	Rbm39 S129														Phospho-site
Rbmxl1	Rbmxl1 T163														Phospho-site
Retreg1	Retreg1 S264														Phospho-site
Ric8a	Ric8a S435														Phospho-site
Ric8a	Ric8a T440														Phospho-site
Rpl13	Rpl13 S140														Phospho-site
Rpl15	Rpl15 S34														Phospho-site
Rpl22l1	Rpl22l1 S118														Phospho-site
Rpl22l1	Rpl22l1 S120														Phospho-site
Rpl26	Rpl26 T139														Phospho-site
Rpl6	Rpl6 S21														Phospho-site
Rplp0	Rplp0 S304														Phospho-site
Rplp0	Rplp0 S307														Phospho-site
Rplp1	Rplp1 S101														Phospho-site
Rplp1	Rplp1 S104														Phospho-site
Rplp2	Rplp2 S102														Phospho-site
Rplp2	Rplp2 S105														Phospho-site
Rps2	Rps2 S264														Phospho-site
Rrbp1	Rrbp1 S103														Phospho-site
Rtn3	Rtn3 T728														Phospho-site
Samhd1	Samhd1 T52														Phospho-site
Scamp3	Scamp3 S32														Phospho-site
Scg2	Scg2 S556														Phospho-site
Scg3	Scg3 T401														Phospho-site
Sec16a	Sec16a S1242														Phospho-site
Sec16a	Sec16a S1245														Phospho-site
Sec16a	Sec16a S1342														Phospho-site
Sec16a	Sec16a S581														Phospho-site
Sec31a	Sec31a S526														Phospho-site
Sec31a	Sec31a S531														Phospho-site
Sec62	Sec62 S335														Phospho-site
Sec62	Sec62 S341														Phospho-site
Sec62	Sec62 S353														Phospho-site
Sec62	Sec62 S356														Phospho-site
Sec62	Sec62 T158														Phospho-site
Sec62	Sec62 T375														Phospho-site
Septin2	Septin2 S218														Phospho-site
Sirt2	Sirt2 S23														Phospho-site
Sirt2	Sirt2 S25														Phospho-site
Slc16a1	Slc16a1 S213														Phospho-site
Slc33a1	Slc33a1 S42														Phospho-site
Slc38a10	Slc38a10 S887														Phospho-site
Smarcc2	Smarcc2 S302														Phospho-site
Snd1	Snd1 S836														Phospho-site
Sntb1	Sntb1 S233														Phospho-site
Snw1	Snw1 S224														Phospho-site
Son	Son S905														Phospho-site
Sorbs2	Sorbs2 S1097														Phospho-site
Sparcl1	Sparcl1 S70														Phospho-site
Sptan1	Sptan1 S1031														Phospho-site
Sptbn1	Sptbn1 S2160														Phospho-site
Sptbn1	Sptbn1 S2163														Phospho-site
Sptbn1	Sptbn1 S2168														Phospho-site
Sptbn1	Sptbn1 S817														Phospho-site
Sptbn1	Sptbn1 T2170														Phospho-site
Srpk1	Srpk1 S311														Phospho-site
Srrm1	Srrm1 S448														Phospho-site
Srrm1	Srrm1 S450														Phospho-site
Srrm1	Srrm1 S461														Phospho-site
Srrm1	Srrm1 S463														Phospho-site
Srrm1	Srrm1 S635														Phospho-site
Srrm1	Srrm1 S645														Phospho-site
Srrm1	Srrm1 S647														Phospho-site
Srrm1	Srrm1 S655														Phospho-site
Srrm1	Srrm1 S657														Phospho-site
Srrm1	Srrm1 S672														Phospho-site
Srrm1	Srrm1 S674														Phospho-site
Srrm1	Srrm1 S838														Phospho-site
Srrm1	Srrm1 S915														Phospho-site
Srrm1	Srrm1 T633														Phospho-site
Srrm1	Srrm1 T834														Phospho-site
Srrm1	Srrm1 T913														Phospho-site
Srrm2	Srrm2 S1068														Phospho-site
Srrm2	Srrm2 S1216														Phospho-site
Srrm2	Srrm2 S1269														Phospho-site
Srrm2	Srrm2 S1338														Phospho-site
Srrm2	Srrm2 S1339														Phospho-site
Srrm2	Srrm2 S1343														Phospho-site
Srrm2	Srrm2 S1960														Phospho-site
Srrm2	Srrm2 S1963														Phospho-site
Srrm2	Srrm2 S1970														Phospho-site
Srrm2	Srrm2 S1972														Phospho-site
Srrm2	Srrm2 S1982														Phospho-site
Srrm2	Srrm2 S1984														Phospho-site
Srrm2	Srrm2 S2019														Phospho-site
Srrm2	Srrm2 S2023														Phospho-site
Srrm2	Srrm2 S2084														Phospho-site
Srrm2	Srrm2 S2646														Phospho-site
Srrm2	Srrm2 S2648														Phospho-site
Srrm2	Srrm2 S773														Phospho-site
Srrm2	Srrm2 S775														Phospho-site
Srrm2	Srrm2 S829														Phospho-site
Srrm2	Srrm2 S851														Phospho-site
Srrm2	Srrm2 T1390														Phospho-site
Srrm2	Srrm2 T1836														Phospho-site
Srrm2	Srrm2 T1974														Phospho-site
Srrm2	Srrm2 T1986														Phospho-site
Srrm2	Srrm2 T2021														Phospho-site
Srrm2	Srrm2 T841														Phospho-site
Srsf1	Srsf1 S199														Phospho-site
Srsf1	Srsf1 S201														Phospho-site
Srsf10	Srsf10 S131														Phospho-site
Srsf10	Srsf10 S133														Phospho-site
Srsf2	Srsf2 S206														Phospho-site
Srsf2	Srsf2 S208														Phospho-site
Srsf2	Srsf2 S212														Phospho-site
Srsf4	Srsf4 S453														Phospho-site
Srsf6	Srsf6 S301														Phospho-site
Srsf6	Srsf6 S303														Phospho-site
Srsf6	Srsf6 S314														Phospho-site
Srsf6	Srsf6 S316														Phospho-site
Srsf7	Srsf7 S208														Phospho-site
Srsf7	Srsf7 S210														Phospho-site
Srsf7	Srsf7 S212														Phospho-site
Ssr1	Ssr1 S268														Phospho-site
Ssr3	Ssr3 S105														Phospho-site
Ssrp1	Ssrp1 S444														Phospho-site
Stim1	Stim1 S523														Phospho-site
Stim1	Stim1 S524														Phospho-site
Stim1	Stim1 T504														Phospho-site
Strap	Strap S335														Phospho-site
Strap	Strap S338														Phospho-site
Stt3b	Stt3b S495														Phospho-site
Stt3b	Stt3b S496														Phospho-site
Stx7	Stx7 S129														Phospho-site
Supt5h	Supt5h S32														Phospho-site
Supt5h	Supt5h S36														Phospho-site
Syap1	Syap1 T262														Phospho-site
Synm	Synm S1075														Phospho-site
Synm	Synm S1087														Phospho-site
Synpo2	Synpo2 S618														Phospho-site
Thrap3	Thrap3 S669														Phospho-site
Thumpd1	Thumpd1 S86														Phospho-site
Thumpd1	Thumpd1 S88														Phospho-site
Tjp1	Tjp1 S125														Phospho-site
Tjp1	Tjp1 S131														Phospho-site
Tjp2	Tjp2 S107														Phospho-site
Tjp2	Tjp2 S960														Phospho-site
Tmpo	Tmpo S183														Phospho-site
Tnks1bp1	Tnks1bp1 S1611														Phospho-site
Tnks1bp1	Tnks1bp1 S1612														Phospho-site
Tnks1bp1	Tnks1bp1 S1657														Phospho-site
Tnks1bp1	Tnks1bp1 S976														Phospho-site
Top2b	Top2b S1509														Phospho-site
Top2b	Top2b S1511														Phospho-site
Tpd52	Tpd52 S175														Phospho-site
Tpd52l1	Tpd52l1 S149														Phospho-site
Tpd52l2	Tpd52l2 S180														Phospho-site
Tppp	Tppp S31														Phospho-site
Tppp	Tppp S34														Phospho-site
Tpr	Tpr S2141														Phospho-site
Tram1	Tram1 S365														Phospho-site
Ttll12	Ttll12 S11														Phospho-site
Tuba4a	Tuba4a S439														Phospho-site
U2af2	U2af2 S79														Phospho-site
Ufl1	Ufl1 S752														Phospho-site
Ufl1	Ufl1 S753														Phospho-site
Uso1	Uso1 S940														Phospho-site
Usp10	Usp10 S359														Phospho-site
Vps4b	Vps4b S102														Phospho-site
Vps50	Vps50 S559														Phospho-site
Wdr33	Wdr33 S1204														Phospho-site
Xrn2	Xrn2 S499														Phospho-site
Xrn2	Xrn2 S501														Phospho-site
Zc3h18	Zc3h18 S75														Phospho-site
Zc3h18	Zc3h18 S863														Phospho-site
