#node1	node2	node1_string_id	node2_string_id	neighborhood_on_chromosome	gene_fusion	phylogenetic_cooccurrence	homology	coexpression	experimentally_determined_interaction	database_annotated	automated_textmining	combined_score
Abcf1	Snw1	10090.ENSMUSP00000036881	10090.ENSMUSP00000021428	0	0	0	0	0.121	0.363	0	0	0.416
Abcf1	Eif3h	10090.ENSMUSP00000036881	10090.ENSMUSP00000022925	0	0	0	0	0.083	0	0.540	0	0.560
Abcf1	Rpl6	10090.ENSMUSP00000036881	10090.ENSMUSP00000031617	0	0	0	0	0.092	0.216	0.720	0	0.783
Abcf1	Edc4	10090.ENSMUSP00000036881	10090.ENSMUSP00000039134	0	0	0	0	0.064	0.392	0	0	0.406
Abcf1	Larp1	10090.ENSMUSP00000036881	10090.ENSMUSP00000136673	0	0	0	0	0.131	0.059	0.360	0	0.431
Abcf1	Eif3b	10090.ENSMUSP00000036881	10090.ENSMUSP00000098076	0	0	0	0	0.464	0.066	0	0	0.478
Abcf1	Eef2	10090.ENSMUSP00000036881	10090.ENSMUSP00000046101	0.052	0	0	0	0.218	0.233	0.720	0	0.819
Acin1	Zc3h18	10090.ENSMUSP00000022793	10090.ENSMUSP00000017622	0	0	0	0	0.203	0.498	0	0	0.583
Acin1	Prpf40a	10090.ENSMUSP00000022793	10090.ENSMUSP00000075655	0	0	0	0	0.097	0.404	0	0	0.438
Acin1	Srpk1	10090.ENSMUSP00000022793	10090.ENSMUSP00000116259	0	0	0	0	0.052	0.439	0	0	0.445
Acin1	Pabpn1	10090.ENSMUSP00000022793	10090.ENSMUSP00000022808	0	0	0	0	0.148	0.560	0	0	0.609
Acin1	Srrm1	10090.ENSMUSP00000022793	10090.ENSMUSP00000125003	0	0	0	0	0.340	0.666	0	0	0.770
Acin1	Srrm2	10090.ENSMUSP00000022793	10090.ENSMUSP00000085993	0	0	0	0	0.762	0.404	0	0	0.852
Adam10	Ctnnd1	10090.ENSMUSP00000063839	10090.ENSMUSP00000064518	0	0	0	0	0	0	0.585	0	0.585
Akap12	Ptrf	10090.ENSMUSP00000035829	10090.ENSMUSP00000058321	0	0	0	0	0.718	0	0	0	0.718
Akap8	Eef1b2	10090.ENSMUSP00000002699	10090.ENSMUSP00000116492	0	0	0	0	0.061	0.403	0	0	0.415
Akt2	Gsk3b	10090.ENSMUSP00000103981	10090.ENSMUSP00000023507	0	0	0	0.588	0.061	0.528	0.932	0	0.967
Akt2	Hsp90ab1	10090.ENSMUSP00000103981	10090.ENSMUSP00000024739	0	0	0	0	0.061	0.478	0.789	0	0.887
Akt2	Dkc1	10090.ENSMUSP00000103981	10090.ENSMUSP00000033776	0.042	0	0	0	0	0.095	0.479	0	0.508
Akt2	Eif4ebp1	10090.ENSMUSP00000103981	10090.ENSMUSP00000033880	0	0	0	0	0.061	0.402	0.479	0	0.681
Akt2	Ptges3	10090.ENSMUSP00000103981	10090.ENSMUSP00000050292	0	0	0	0	0	0.058	0.479	0	0.488
Akt2	Hsp90aa1	10090.ENSMUSP00000103981	10090.ENSMUSP00000091921	0	0	0	0	0.061	0.478	0.815	0	0.901
Akt2	Itgb4	10090.ENSMUSP00000103981	10090.ENSMUSP00000102068	0	0	0	0	0.066	0.057	0.479	0	0.501
Apoe	Bin1	10090.ENSMUSP00000133302	10090.ENSMUSP00000025239	0	0	0	0	0	0	0.540	0	0.540
Apoe	Map2	10090.ENSMUSP00000133302	10090.ENSMUSP00000076577	0	0	0	0	0	0.497	0	0	0.497
Atad1	Canx	10090.ENSMUSP00000069962	10090.ENSMUSP00000020637	0	0	0	0	0.441	0.244	0	0	0.559
Atp2a2	Atp2b1	10090.ENSMUSP00000031423	10090.ENSMUSP00000020107	0	0	0	0.670	0.092	0.654	0	0	0.672
Atp2a2	Canx	10090.ENSMUSP00000031423	10090.ENSMUSP00000020637	0	0	0	0	0.097	0.527	0	0	0.555
Atp2a2	Bin1	10090.ENSMUSP00000031423	10090.ENSMUSP00000025239	0	0	0	0	0.062	0.401	0	0	0.414
Atxn2l	Pabpc1	10090.ENSMUSP00000035415	10090.ENSMUSP00000001809	0	0	0	0	0.098	0.807	0	0	0.818
Atxn2l	Prrc2a	10090.ENSMUSP00000035415	10090.ENSMUSP00000025253	0	0	0	0	0.605	0.092	0	0	0.626
Atxn2l	Ncl	10090.ENSMUSP00000035415	10090.ENSMUSP00000027438	0	0	0	0	0.097	0.402	0	0	0.436
Atxn2l	Tpr	10090.ENSMUSP00000035415	10090.ENSMUSP00000117616	0	0	0	0	0.373	0.136	0	0	0.435
Atxn2l	Edc4	10090.ENSMUSP00000035415	10090.ENSMUSP00000039134	0	0	0	0	0.433	0	0	0	0.433
Atxn2l	G3bp2	10090.ENSMUSP00000035415	10090.ENSMUSP00000128244	0	0	0	0	0.244	0.721	0	0	0.780
Bclaf1	Pnn	10090.ENSMUSP00000043583	10090.ENSMUSP00000021381	0	0	0	0	0.388	0.406	0	0	0.621
Bclaf1	Matr3	10090.ENSMUSP00000043583	10090.ENSMUSP00000125761	0	0	0	0	0.368	0.099	0	0	0.406
Bclaf1	Prpf40a	10090.ENSMUSP00000043583	10090.ENSMUSP00000075655	0	0	0	0	0.630	0	0	0	0.630
Bclaf1	Thrap3	10090.ENSMUSP00000043583	10090.ENSMUSP00000079722	0	0	0	0.802	0.199	0.733	0.540	0	0.893
Bin1	Synm	10090.ENSMUSP00000025239	10090.ENSMUSP00000073855	0	0	0	0	0.057	0.649	0	0	0.655
Bin1	Clip1	10090.ENSMUSP00000025239	10090.ENSMUSP00000107192	0	0	0	0	0.055	0.426	0	0	0.435
Camk2d	Mylk	10090.ENSMUSP00000102009	10090.ENSMUSP00000023538	0	0	0	0.715	0.062	0.071	0.391	0	0.422
Camk2d	Mecp2	10090.ENSMUSP00000102009	10090.ENSMUSP00000033770	0	0	0	0	0	0	0.900	0	0.900
Camk2d	Map4	10090.ENSMUSP00000102009	10090.ENSMUSP00000035055	0	0	0	0	0.052	0.115	0.355	0	0.411
Camk2d	Map2	10090.ENSMUSP00000102009	10090.ENSMUSP00000076577	0	0	0	0	0.063	0.451	0.355	0	0.639
Camk2d	Marcks	10090.ENSMUSP00000102009	10090.ENSMUSP00000090245	0	0	0	0	0.058	0	0.470	0	0.479
Camk2d	Prkcd	10090.ENSMUSP00000102009	10090.ENSMUSP00000107830	0	0	0	0.608	0.063	0.048	0.500	0	0.515
Canx	Slc33a1	10090.ENSMUSP00000020637	10090.ENSMUSP00000029402	0	0	0	0	0.556	0.052	0	0	0.562
Canx	Ssr1	10090.ENSMUSP00000020637	10090.ENSMUSP00000021864	0	0	0	0	0.263	0.360	0	0	0.508
Cbx1	Chd4	10090.ENSMUSP00000091475	10090.ENSMUSP00000060054	0	0	0	0	0.066	0.739	0	0	0.745
Cbx1	Ssrp1	10090.ENSMUSP00000091475	10090.ENSMUSP00000076971	0	0	0	0	0.156	0.348	0	0	0.426
Cgnl1	Tjp1	10090.ENSMUSP00000072672	10090.ENSMUSP00000099652	0	0	0	0	0.095	0	0.800	0	0.811
Chd4	Top2b	10090.ENSMUSP00000060054	10090.ENSMUSP00000017629	0	0	0	0	0.172	0.197	0.248	0	0.456
Chd4	Hdac2	10090.ENSMUSP00000060054	10090.ENSMUSP00000019911	0	0	0	0	0.139	0.825	0.932	0	0.988
Chd4	Wdr33	10090.ENSMUSP00000060054	10090.ENSMUSP00000025264	0	0	0	0	0.079	0.083	0.380	0	0.430
Chd4	Mecp2	10090.ENSMUSP00000060054	10090.ENSMUSP00000033770	0	0	0	0	0.051	0.158	0.318	0	0.407
Chd4	Smarcc2	10090.ENSMUSP00000060054	10090.ENSMUSP00000100868	0	0	0	0	0.164	0.478	0.218	0	0.628
Chd4	Mta2	10090.ENSMUSP00000060054	10090.ENSMUSP00000093959	0	0	0	0	0.145	0.886	0.966	0	0.996
Cherp	U2af2	10090.ENSMUSP00000078469	10090.ENSMUSP00000005041	0	0	0	0	0.168	0.383	0	0	0.464
Cherp	Prpf40a	10090.ENSMUSP00000078469	10090.ENSMUSP00000075655	0	0	0	0	0.100	0.383	0	0	0.420
Cherp	Rbm39	10090.ENSMUSP00000078469	10090.ENSMUSP00000105216	0	0	0	0	0.253	0.383	0	0	0.519
Cherp	Srsf1	10090.ENSMUSP00000078469	10090.ENSMUSP00000120595	0	0	0	0	0.097	0.763	0	0	0.776
Clip1	Tuba4a	10090.ENSMUSP00000107192	10090.ENSMUSP00000140657	0	0	0	0	0	0.496	0	0	0.496
Cltc	Tpd52l1	10090.ENSMUSP00000099475	10090.ENSMUSP00000000305	0	0	0	0	0	0	0.600	0	0.600
Cltc	Flna	10090.ENSMUSP00000099475	10090.ENSMUSP00000033699	0	0	0	0	0.052	0.200	0.720	0	0.769
Cltc	Stt3b	10090.ENSMUSP00000099475	10090.ENSMUSP00000035010	0	0	0	0	0.474	0	0	0	0.474
Cltc	Tpd52	10090.ENSMUSP00000099475	10090.ENSMUSP00000091943	0	0	0	0	0.062	0	0.600	0	0.608
Cltc	Sec31a	10090.ENSMUSP00000099475	10090.ENSMUSP00000092157	0	0	0	0	0.527	0	0	0	0.527
Col1a1	Srsf1	10090.ENSMUSP00000001547	10090.ENSMUSP00000120595	0	0	0	0	0	0.433	0	0	0.433
Col1a1	Srsf2	10090.ENSMUSP00000001547	10090.ENSMUSP00000090059	0	0	0	0	0	0.433	0	0	0.433
Col1a1	Itgb4	10090.ENSMUSP00000001547	10090.ENSMUSP00000102068	0	0	0	0	0.097	0.131	0.641	0	0.693
Col1a1	Fn1	10090.ENSMUSP00000001547	10090.ENSMUSP00000054499	0	0	0	0	0.317	0.435	0	0	0.597
Col1a1	Col3a1	10090.ENSMUSP00000001547	10090.ENSMUSP00000085192	0	0	0	0.950	0.946	0	0.900	0	0.994
Col3a1	Fn1	10090.ENSMUSP00000085192	10090.ENSMUSP00000054499	0	0	0	0	0.398	0.202	0	0	0.499
Coro1a	Lrmp	10090.ENSMUSP00000032949	10090.ENSMUSP00000032396	0	0	0	0	0.420	0	0	0	0.420
Coro1a	Hmha1	10090.ENSMUSP00000032949	10090.ENSMUSP00000097100	0	0	0	0	0.538	0	0	0	0.538
Ctnnd1	Gsk3b	10090.ENSMUSP00000064518	10090.ENSMUSP00000023507	0	0	0	0	0.059	0.462	0.127	0	0.519
Ctnnd1	Tjp2	10090.ENSMUSP00000064518	10090.ENSMUSP00000097154	0	0	0	0	0.104	0.057	0.396	0	0.445
Ctnnd1	Tjp1	10090.ENSMUSP00000064518	10090.ENSMUSP00000099652	0	0	0	0	0.105	0.066	0.585	0	0.623
Denr	Eif3g	10090.ENSMUSP00000023869	10090.ENSMUSP00000004206	0	0	0	0	0.085	0.492	0	0	0.515
Denr	Rps2	10090.ENSMUSP00000023869	10090.ENSMUSP00000092502	0.077	0	0	0	0.066	0.401	0	0	0.438
Denr	Eif4g3	10090.ENSMUSP00000023869	10090.ENSMUSP00000081233	0	0	0	0	0.062	0.263	0.332	0	0.497
Denr	Eif4g1	10090.ENSMUSP00000023869	10090.ENSMUSP00000047678	0	0	0	0	0.062	0.263	0.332	0	0.497
Denr	Eif3b	10090.ENSMUSP00000023869	10090.ENSMUSP00000098076	0	0	0	0	0.081	0.402	0	0	0.426
Denr	Eif3c	10090.ENSMUSP00000023869	10090.ENSMUSP00000032992	0	0	0	0	0.134	0.500	0	0	0.548
Denr	Eif3j1	10090.ENSMUSP00000023869	10090.ENSMUSP00000028668	0	0	0	0	0.159	0.384	0	0	0.460
Dkc1	Pabpc1	10090.ENSMUSP00000033776	10090.ENSMUSP00000001809	0	0	0	0	0.224	0.240	0.386	0	0.606
Dkc1	Top2b	10090.ENSMUSP00000033776	10090.ENSMUSP00000017629	0.127	0	0	0	0.066	0.350	0	0	0.423
Dkc1	Hsp90ab1	10090.ENSMUSP00000033776	10090.ENSMUSP00000024739	0.041	0	0	0	0.092	0.082	0.547	0	0.589
Dkc1	Eif5b	10090.ENSMUSP00000033776	10090.ENSMUSP00000027252	0.139	0	0	0	0.245	0.402	0	0	0.577
Dkc1	Ncl	10090.ENSMUSP00000033776	10090.ENSMUSP00000027438	0	0	0	0	0.442	0.159	0.676	0	0.834
Dkc1	Dnajc2	10090.ENSMUSP00000033776	10090.ENSMUSP00000030771	0	0	0	0	0.571	0	0	0	0.571
Dkc1	Eif3c	10090.ENSMUSP00000033776	10090.ENSMUSP00000032992	0	0	0	0	0.449	0.198	0	0	0.539
Dkc1	Gnl1	10090.ENSMUSP00000033776	10090.ENSMUSP00000084450	0.042	0	0	0	0.245	0.262	0	0	0.419
Dkc1	Hnrnpa3	10090.ENSMUSP00000033776	10090.ENSMUSP00000107595	0	0	0	0	0.189	0.137	0.287	0	0.457
Dkc1	Srsf10	10090.ENSMUSP00000033776	10090.ENSMUSP00000101479	0	0	0	0	0.212	0.137	0.287	0	0.473
Dkc1	Rplp0	10090.ENSMUSP00000033776	10090.ENSMUSP00000083705	0.058	0	0	0	0.320	0.256	0	0	0.481
Dkc1	Mybbp1a	10090.ENSMUSP00000033776	10090.ENSMUSP00000044827	0	0	0	0	0.701	0	0	0	0.701
Dkc1	Hnrnpu	10090.ENSMUSP00000033776	10090.ENSMUSP00000047571	0	0	0	0	0.139	0	0.720	0	0.748
Dkc1	Hsp90aa1	10090.ENSMUSP00000033776	10090.ENSMUSP00000091921	0.041	0	0	0	0.101	0.082	0.676	0	0.709
Dkc1	Eif4b	10090.ENSMUSP00000033776	10090.ENSMUSP00000127774	0	0	0	0	0.803	0.137	0.287	0	0.868
Dkc1	Eif3b	10090.ENSMUSP00000033776	10090.ENSMUSP00000098076	0	0	0	0	0.807	0.402	0	0	0.879
Dkc1	Ptges3	10090.ENSMUSP00000033776	10090.ENSMUSP00000050292	0	0	0	0	0.154	0.143	0.905	0	0.925
Dkc1	Hnrnpc	10090.ENSMUSP00000033776	10090.ENSMUSP00000107237	0	0	0	0	0.178	0.137	0.905	0	0.927
Dkc1	Nolc1	10090.ENSMUSP00000033776	10090.ENSMUSP00000128331	0	0	0	0	0.859	0.479	0.360	0	0.949
Dkc1	Nop56	10090.ENSMUSP00000033776	10090.ENSMUSP00000099487	0.111	0	0	0	0.899	0.905	0.720	0	0.997
Dnajc1	Rpl13	10090.ENSMUSP00000126321	10090.ENSMUSP00000000756	0	0	0	0	0.445	0	0	0	0.445
Dnajc1	Rpl15	10090.ENSMUSP00000126321	10090.ENSMUSP00000079163	0	0	0	0	0.443	0	0	0	0.443
Dnajc1	Nop56	10090.ENSMUSP00000126321	10090.ENSMUSP00000099487	0	0	0	0	0.424	0	0	0	0.424
Dnajc2	Rpl13	10090.ENSMUSP00000030771	10090.ENSMUSP00000000756	0	0	0	0	0.453	0	0	0	0.453
Dnajc2	Rpl15	10090.ENSMUSP00000030771	10090.ENSMUSP00000079163	0	0	0	0	0.443	0	0	0	0.443
Dnajc2	Eif4b	10090.ENSMUSP00000030771	10090.ENSMUSP00000127774	0	0	0	0	0.479	0	0	0	0.479
Dnajc2	Nop56	10090.ENSMUSP00000030771	10090.ENSMUSP00000099487	0	0	0	0	0.538	0	0	0	0.538
Eef1b2	Rpl13	10090.ENSMUSP00000116492	10090.ENSMUSP00000000756	0	0	0	0	0.858	0.884	0	0	0.982
Eef1b2	Eif3g	10090.ENSMUSP00000116492	10090.ENSMUSP00000004206	0	0	0	0	0.514	0	0	0	0.514
Eef1b2	Rplp1	10090.ENSMUSP00000116492	10090.ENSMUSP00000008036	0.043	0	0	0	0.807	0.856	0	0	0.971
Eef1b2	Rpl6	10090.ENSMUSP00000116492	10090.ENSMUSP00000031617	0	0	0	0	0.854	0.806	0	0	0.970
Eef1b2	Rpl22l1	10090.ENSMUSP00000116492	10090.ENSMUSP00000043111	0	0	0	0	0.619	0.744	0	0	0.898
Eef1b2	Eef2	10090.ENSMUSP00000116492	10090.ENSMUSP00000046101	0	0	0	0	0.597	0.044	0	0	0.598
Eef1b2	Rpl26	10090.ENSMUSP00000116492	10090.ENSMUSP00000073175	0.041	0	0	0	0.919	0.642	0	0	0.969
Eef1b2	Plec	10090.ENSMUSP00000116492	10090.ENSMUSP00000075772	0	0	0	0	0.464	0.327	0	0	0.623
Eef1b2	Rpl15	10090.ENSMUSP00000116492	10090.ENSMUSP00000079163	0	0	0	0	0.928	0.850	0	0	0.988
Eef1b2	Rplp2	10090.ENSMUSP00000116492	10090.ENSMUSP00000081474	0.043	0	0	0	0.876	0.895	0	0	0.986
Eef1b2	Rplp0	10090.ENSMUSP00000116492	10090.ENSMUSP00000083705	0.042	0	0	0	0.851	0.879	0	0	0.981
Eef1b2	Eef1d	10090.ENSMUSP00000116492	10090.ENSMUSP00000087110	0	0	0	0.939	0.587	0.932	0.800	0	0.993
Eef1b2	Rps2	10090.ENSMUSP00000116492	10090.ENSMUSP00000092502	0	0	0	0	0.622	0.803	0	0	0.922
Eef1d	Rpl13	10090.ENSMUSP00000087110	10090.ENSMUSP00000000756	0	0	0	0	0.591	0.695	0	0	0.870
Eef1d	Eif3g	10090.ENSMUSP00000087110	10090.ENSMUSP00000004206	0	0	0	0	0.814	0	0	0	0.814
Eef1d	Rplp1	10090.ENSMUSP00000087110	10090.ENSMUSP00000008036	0.043	0	0	0	0.485	0.328	0	0	0.640
Eef1d	Rpl6	10090.ENSMUSP00000087110	10090.ENSMUSP00000031617	0	0	0	0	0.570	0.329	0	0	0.699
Eef1d	Rpl22l1	10090.ENSMUSP00000087110	10090.ENSMUSP00000043111	0	0	0	0	0.474	0.300	0	0	0.616
Eef1d	Rpl26	10090.ENSMUSP00000087110	10090.ENSMUSP00000073175	0.041	0	0	0	0.672	0	0	0	0.672
Eef1d	Plec	10090.ENSMUSP00000087110	10090.ENSMUSP00000075772	0	0	0	0	0.464	0.327	0	0	0.623
Eef1d	Rpl15	10090.ENSMUSP00000087110	10090.ENSMUSP00000079163	0	0	0	0	0.565	0.329	0	0	0.696
Eef1d	Rplp2	10090.ENSMUSP00000087110	10090.ENSMUSP00000081474	0.043	0	0	0	0.684	0.652	0	0	0.885
Eef1d	Rplp0	10090.ENSMUSP00000087110	10090.ENSMUSP00000083705	0.042	0	0	0	0.586	0.688	0	0	0.865
Eef1d	Rps2	10090.ENSMUSP00000087110	10090.ENSMUSP00000092502	0	0	0	0	0.392	0.281	0	0	0.544
Eef2	Rpl13	10090.ENSMUSP00000046101	10090.ENSMUSP00000000756	0	0	0	0	0.823	0.911	0	0	0.983
Eef2	Pabpc1	10090.ENSMUSP00000046101	10090.ENSMUSP00000001809	0	0	0	0	0.396	0.150	0	0	0.464
Eef2	Eif3g	10090.ENSMUSP00000046101	10090.ENSMUSP00000004206	0	0	0	0	0.506	0.046	0	0	0.508
Eef2	Rplp1	10090.ENSMUSP00000046101	10090.ENSMUSP00000008036	0	0	0	0	0.587	0.737	0	0	0.887
Eef2	Snw1	10090.ENSMUSP00000046101	10090.ENSMUSP00000021428	0	0	0	0	0.067	0.461	0	0	0.475
Eef2	Eif3h	10090.ENSMUSP00000046101	10090.ENSMUSP00000022925	0	0	0	0	0.503	0.058	0.540	0	0.765
Eef2	Hsp90ab1	10090.ENSMUSP00000046101	10090.ENSMUSP00000024739	0	0	0	0	0.434	0.058	0	0	0.444
Eef2	Ncl	10090.ENSMUSP00000046101	10090.ENSMUSP00000027438	0	0	0	0	0.334	0.150	0	0	0.410
Eef2	Rpl6	10090.ENSMUSP00000046101	10090.ENSMUSP00000031617	0.058	0	0	0	0.804	0.822	0.720	0	0.989
Eef2	Eif3c	10090.ENSMUSP00000046101	10090.ENSMUSP00000032992	0	0	0	0	0.699	0.045	0	0	0.700
Eef2	Rpl22l1	10090.ENSMUSP00000046101	10090.ENSMUSP00000043111	0	0	0	0	0.268	0.753	0	0	0.811
Eef2	Srrm2	10090.ENSMUSP00000046101	10090.ENSMUSP00000085993	0	0	0	0	0.102	0.391	0	0	0.429
Eef2	Larp1	10090.ENSMUSP00000046101	10090.ENSMUSP00000136673	0	0	0	0	0.113	0.087	0.360	0	0.436
Eef2	Plec	10090.ENSMUSP00000046101	10090.ENSMUSP00000075772	0	0	0	0	0.333	0.710	0	0	0.798
Eef2	Eif3b	10090.ENSMUSP00000046101	10090.ENSMUSP00000098076	0	0	0	0	0.834	0.080	0	0	0.841
Eef2	Eif4b	10090.ENSMUSP00000046101	10090.ENSMUSP00000127774	0	0	0	0	0.322	0.208	0	0	0.440
Eef2	Rps2	10090.ENSMUSP00000046101	10090.ENSMUSP00000092502	0.075	0	0	0	0.651	0.853	0	0	0.948
Eef2	Rpl26	10090.ENSMUSP00000046101	10090.ENSMUSP00000073175	0.118	0	0	0	0.504	0.922	0	0	0.962
Eef2	Rpl15	10090.ENSMUSP00000046101	10090.ENSMUSP00000079163	0.044	0	0	0	0.800	0.913	0	0	0.981
Eef2	Rplp0	10090.ENSMUSP00000046101	10090.ENSMUSP00000083705	0.098	0	0	0	0.808	0.864	0	0	0.974
Eef2	Eef2k	10090.ENSMUSP00000046101	10090.ENSMUSP00000046595	0	0	0	0	0.062	0.210	0.932	0	0.945
Eef2	Rplp2	10090.ENSMUSP00000046101	10090.ENSMUSP00000081474	0	0	0	0	0.805	0.964	0	0	0.992
Eif3b	Rpl13	10090.ENSMUSP00000098076	10090.ENSMUSP00000000756	0	0	0	0	0.682	0	0	0	0.682
Eif3b	Eif3g	10090.ENSMUSP00000098076	10090.ENSMUSP00000004206	0	0	0	0	0.823	0.976	0.900	0	0.999
Eif3b	Eif3h	10090.ENSMUSP00000098076	10090.ENSMUSP00000022925	0	0	0	0	0.781	0.975	0.900	0	0.999
Eif3b	Eif5b	10090.ENSMUSP00000098076	10090.ENSMUSP00000027252	0	0	0	0	0.316	0.947	0	0	0.962
Eif3b	Eif3j1	10090.ENSMUSP00000098076	10090.ENSMUSP00000028668	0	0	0	0	0.136	0.921	0.720	0	0.979
Eif3b	Rpl6	10090.ENSMUSP00000098076	10090.ENSMUSP00000031617	0	0	0	0	0.592	0	0	0	0.592
Eif3b	Eif3c	10090.ENSMUSP00000098076	10090.ENSMUSP00000032992	0	0	0	0	0.825	0.973	0.900	0	0.999
Eif3b	Mybbp1a	10090.ENSMUSP00000098076	10090.ENSMUSP00000044827	0	0	0	0	0.508	0	0	0	0.508
Eif3b	Eif4g1	10090.ENSMUSP00000098076	10090.ENSMUSP00000047678	0	0	0	0	0.497	0.957	0	0	0.977
Eif3b	Plec	10090.ENSMUSP00000098076	10090.ENSMUSP00000075772	0	0	0	0	0.179	0.585	0	0	0.644
Eif3b	Ssrp1	10090.ENSMUSP00000098076	10090.ENSMUSP00000076971	0	0	0	0	0.408	0.089	0	0	0.437
Eif3b	Rpl15	10090.ENSMUSP00000098076	10090.ENSMUSP00000079163	0	0	0	0	0.764	0.081	0	0	0.774
Eif3b	Eif4g3	10090.ENSMUSP00000098076	10090.ENSMUSP00000081233	0	0	0	0	0.428	0.420	0	0	0.654
Eif3b	Rplp0	10090.ENSMUSP00000098076	10090.ENSMUSP00000083705	0	0	0	0	0.664	0	0	0	0.664
Eif3b	Rps2	10090.ENSMUSP00000098076	10090.ENSMUSP00000092502	0	0	0	0	0.521	0.540	0.600	0	0.904
Eif3b	Nop56	10090.ENSMUSP00000098076	10090.ENSMUSP00000099487	0	0	0	0	0.850	0.065	0	0	0.854
Eif3b	Eif4b	10090.ENSMUSP00000098076	10090.ENSMUSP00000127774	0	0	0	0	0.766	0.364	0	0	0.845
Eif3c	Eif3g	10090.ENSMUSP00000032992	10090.ENSMUSP00000004206	0	0	0	0	0.704	0.974	0.900	0	0.999
Eif3c	Eif3h	10090.ENSMUSP00000032992	10090.ENSMUSP00000022925	0	0	0	0	0.721	0.974	0.900	0	0.999
Eif3c	Hsp90ab1	10090.ENSMUSP00000032992	10090.ENSMUSP00000024739	0	0	0	0	0.419	0	0	0	0.419
Eif3c	Eif5b	10090.ENSMUSP00000032992	10090.ENSMUSP00000027252	0	0	0	0	0.662	0.940	0	0	0.979
Eif3c	Eif3j1	10090.ENSMUSP00000032992	10090.ENSMUSP00000028668	0	0	0	0	0.067	0.919	0.720	0	0.977
Eif3c	Larp1	10090.ENSMUSP00000032992	10090.ENSMUSP00000136673	0	0	0	0	0.243	0.355	0	0	0.491
Eif3c	Plec	10090.ENSMUSP00000032992	10090.ENSMUSP00000075772	0	0	0	0	0.128	0.605	0	0	0.640
Eif3c	Nop56	10090.ENSMUSP00000032992	10090.ENSMUSP00000099487	0	0	0	0	0.800	0	0	0	0.800
Eif3c	Rps2	10090.ENSMUSP00000032992	10090.ENSMUSP00000092502	0	0	0	0	0.155	0.547	0.600	0	0.833
Eif3c	Eif4b	10090.ENSMUSP00000032992	10090.ENSMUSP00000127774	0	0	0	0	0.730	0	0	0	0.730
Eif3c	Eif4g3	10090.ENSMUSP00000032992	10090.ENSMUSP00000081233	0	0	0	0	0.753	0.331	0	0	0.827
Eif3c	Eif4g1	10090.ENSMUSP00000032992	10090.ENSMUSP00000047678	0	0	0	0	0.758	0.551	0	0	0.886
Eif3g	Rpl13	10090.ENSMUSP00000004206	10090.ENSMUSP00000000756	0	0	0	0	0.846	0	0	0	0.846
Eif3g	Rplp1	10090.ENSMUSP00000004206	10090.ENSMUSP00000008036	0	0	0	0	0.408	0	0	0	0.408
Eif3g	Rpl22l1	10090.ENSMUSP00000004206	10090.ENSMUSP00000043111	0	0	0	0	0.485	0	0	0	0.485
Eif3g	Rpl6	10090.ENSMUSP00000004206	10090.ENSMUSP00000031617	0	0	0	0	0.586	0	0	0	0.586
Eif3g	Eif4g3	10090.ENSMUSP00000004206	10090.ENSMUSP00000081233	0	0	0	0	0.085	0.401	0	0	0.428
Eif3g	Rpl15	10090.ENSMUSP00000004206	10090.ENSMUSP00000079163	0	0	0	0	0.758	0	0	0	0.758
Eif3g	Rplp0	10090.ENSMUSP00000004206	10090.ENSMUSP00000083705	0	0	0	0	0.738	0	0	0	0.738
Eif3g	Plec	10090.ENSMUSP00000004206	10090.ENSMUSP00000075772	0	0	0	0	0.478	0.577	0	0	0.769
Eif3g	Rpl26	10090.ENSMUSP00000004206	10090.ENSMUSP00000073175	0	0	0	0	0.726	0	0	0	0.726
Eif3g	Eif4g1	10090.ENSMUSP00000004206	10090.ENSMUSP00000047678	0	0	0	0	0.085	0.645	0	0	0.661
Eif3g	Rplp2	10090.ENSMUSP00000004206	10090.ENSMUSP00000081474	0	0	0	0	0.792	0	0	0	0.792
Eif3g	Rps2	10090.ENSMUSP00000004206	10090.ENSMUSP00000092502	0	0	0	0	0.544	0.537	0.600	0	0.908
Eif3g	Eif4b	10090.ENSMUSP00000004206	10090.ENSMUSP00000127774	0	0	0	0	0.698	0.121	0	0	0.723
Eif3g	Eif5b	10090.ENSMUSP00000004206	10090.ENSMUSP00000027252	0	0	0	0	0.161	0.912	0	0	0.923
Eif3g	Eif3j1	10090.ENSMUSP00000004206	10090.ENSMUSP00000028668	0	0	0	0	0.170	0.917	0.720	0	0.979
Eif3g	Eif3h	10090.ENSMUSP00000004206	10090.ENSMUSP00000022925	0	0	0	0	0.766	0.972	0.900	0	0.999
Eif3h	Rpl13	10090.ENSMUSP00000022925	10090.ENSMUSP00000000756	0	0	0	0	0.626	0	0	0	0.626
Eif3h	Rpl22l1	10090.ENSMUSP00000022925	10090.ENSMUSP00000043111	0	0	0	0	0.418	0	0	0	0.418
Eif3h	Plec	10090.ENSMUSP00000022925	10090.ENSMUSP00000075772	0	0	0	0	0.188	0.396	0	0	0.488
Eif3h	Rplp2	10090.ENSMUSP00000022925	10090.ENSMUSP00000081474	0	0	0	0	0.504	0	0	0	0.504
Eif3h	Rplp0	10090.ENSMUSP00000022925	10090.ENSMUSP00000083705	0	0	0	0	0.504	0.281	0	0	0.628
Eif3h	Rpl26	10090.ENSMUSP00000022925	10090.ENSMUSP00000073175	0	0	0	0	0.712	0	0	0	0.712
Eif3h	Rpl15	10090.ENSMUSP00000022925	10090.ENSMUSP00000079163	0	0	0	0	0.706	0	0	0	0.706
Eif3h	Eif4b	10090.ENSMUSP00000022925	10090.ENSMUSP00000127774	0	0	0	0	0.467	0.057	0	0	0.476
Eif3h	Eif4g3	10090.ENSMUSP00000022925	10090.ENSMUSP00000081233	0	0	0	0	0.192	0.448	0	0	0.534
Eif3h	Eif4g1	10090.ENSMUSP00000022925	10090.ENSMUSP00000047678	0	0	0	0	0.192	0.729	0	0	0.771
Eif3h	Rps2	10090.ENSMUSP00000022925	10090.ENSMUSP00000092502	0	0	0	0	0.272	0.463	0.600	0	0.830
Eif3h	Rpl6	10090.ENSMUSP00000022925	10090.ENSMUSP00000031617	0	0	0	0	0.728	0	0.540	0	0.869
Eif3h	Eif3j1	10090.ENSMUSP00000022925	10090.ENSMUSP00000028668	0	0	0	0	0.136	0.753	0.720	0	0.935
Eif3j1	Plec	10090.ENSMUSP00000028668	10090.ENSMUSP00000075772	0	0	0	0	0	0.462	0	0	0.461
Eif3j1	Rps2	10090.ENSMUSP00000028668	10090.ENSMUSP00000092502	0	0	0	0	0.118	0.444	0.600	0	0.786
Eif3j1	Eif4b	10090.ENSMUSP00000028668	10090.ENSMUSP00000127774	0	0	0	0	0.100	0.664	0	0	0.684
Eif3j1	Eif4g1	10090.ENSMUSP00000028668	10090.ENSMUSP00000047678	0	0	0	0	0.068	0.760	0	0	0.767
Eif4b	Rpl13	10090.ENSMUSP00000127774	10090.ENSMUSP00000000756	0	0	0	0	0.484	0.052	0	0	0.490
Eif4b	Pabpc1	10090.ENSMUSP00000127774	10090.ENSMUSP00000001809	0	0	0	0	0.520	0.164	0.800	0	0.912
Eif4b	Eif4g1	10090.ENSMUSP00000127774	10090.ENSMUSP00000047678	0	0	0	0	0.657	0.656	0.922	0	0.990
Eif4b	Pcbp1	10090.ENSMUSP00000127774	10090.ENSMUSP00000054863	0	0	0	0	0.426	0.198	0	0	0.519
Eif4b	Srsf4	10090.ENSMUSP00000127774	10090.ENSMUSP00000061474	0	0	0	0	0.226	0.268	0	0	0.409
Eif4b	Rpl15	10090.ENSMUSP00000127774	10090.ENSMUSP00000079163	0	0	0	0	0.494	0.066	0	0	0.508
Eif4b	Eif4g3	10090.ENSMUSP00000127774	10090.ENSMUSP00000081233	0	0	0	0	0.647	0.511	0.496	0	0.905
Eif4b	Nop56	10090.ENSMUSP00000127774	10090.ENSMUSP00000099487	0	0	0	0	0.790	0.136	0	0	0.810
Eif4b	Tnks1bp1	10090.ENSMUSP00000127774	10090.ENSMUSP00000107232	0	0	0	0	0	0	0.900	0	0.900
Eif4b	Srsf6	10090.ENSMUSP00000127774	10090.ENSMUSP00000119065	0	0	0	0	0.230	0.268	0	0	0.412
Eif4ebp1	Gsk3b	10090.ENSMUSP00000033880	10090.ENSMUSP00000023507	0	0	0	0	0	0.421	0.132	0	0.476
Eif4ebp1	Eif4g1	10090.ENSMUSP00000033880	10090.ENSMUSP00000047678	0	0	0	0	0.061	0	0.650	0	0.657
Eif4g1	Pabpc1	10090.ENSMUSP00000047678	10090.ENSMUSP00000001809	0	0	0	0	0.318	0.721	0.896	0	0.978
Eif4g1	Hspb1	10090.ENSMUSP00000047678	10090.ENSMUSP00000005077	0	0	0	0	0.061	0.134	0.800	0	0.823
Eif4g1	Ncl	10090.ENSMUSP00000047678	10090.ENSMUSP00000027438	0	0	0	0	0.184	0.336	0.337	0	0.609
Eif4g1	Mybbp1a	10090.ENSMUSP00000047678	10090.ENSMUSP00000044827	0	0	0	0	0.405	0	0	0	0.405
Eif4g1	Rps2	10090.ENSMUSP00000047678	10090.ENSMUSP00000092502	0	0	0	0	0.105	0.401	0	0	0.441
Eif4g1	Nop56	10090.ENSMUSP00000047678	10090.ENSMUSP00000099487	0	0	0	0	0.465	0.053	0	0	0.471
Eif4g1	Raly	10090.ENSMUSP00000047678	10090.ENSMUSP00000058105	0	0	0	0	0.129	0.141	0.281	0	0.415
Eif4g1	Usp10	10090.ENSMUSP00000047678	10090.ENSMUSP00000123590	0	0	0	0	0.165	0.724	0	0	0.759
Eif4g1	Larp1	10090.ENSMUSP00000047678	10090.ENSMUSP00000136673	0	0	0	0	0.216	0.716	0	0	0.768
Eif4g1	Tnks1bp1	10090.ENSMUSP00000047678	10090.ENSMUSP00000107232	0	0	0	0	0.094	0.130	0.900	0	0.914
Eif4g1	Eif4g3	10090.ENSMUSP00000047678	10090.ENSMUSP00000081233	0	0	0	0.907	0.061	0.753	0.922	0	0.980
Eif4g3	Pabpc1	10090.ENSMUSP00000081233	10090.ENSMUSP00000001809	0	0	0	0	0.303	0.463	0.471	0	0.784
Eif4g3	Ncl	10090.ENSMUSP00000081233	10090.ENSMUSP00000027438	0	0	0	0	0.160	0.336	0.337	0	0.597
Eif4g3	Nop56	10090.ENSMUSP00000081233	10090.ENSMUSP00000099487	0	0	0	0	0.449	0.053	0	0	0.455
Eif4g3	Usp10	10090.ENSMUSP00000081233	10090.ENSMUSP00000123590	0	0	0	0	0.127	0.443	0	0	0.492
Eif5b	Rpl13	10090.ENSMUSP00000027252	10090.ENSMUSP00000000756	0	0	0	0	0.135	0.742	0	0	0.767
Eif5b	Tceb3	10090.ENSMUSP00000027252	10090.ENSMUSP00000030427	0	0	0	0	0	0.645	0	0	0.645
Eif5b	Rps2	10090.ENSMUSP00000027252	10090.ENSMUSP00000092502	0	0	0	0	0.187	0.459	0	0	0.541
Eif5b	Plec	10090.ENSMUSP00000027252	10090.ENSMUSP00000075772	0	0	0	0	0.063	0.675	0	0	0.682
Eif5b	Rplp0	10090.ENSMUSP00000027252	10090.ENSMUSP00000083705	0.061	0	0	0	0.120	0.672	0	0	0.705
Eif5b	Rpl6	10090.ENSMUSP00000027252	10090.ENSMUSP00000031617	0	0	0	0	0.121	0.735	0	0	0.757
Eif5b	Rpl22l1	10090.ENSMUSP00000027252	10090.ENSMUSP00000043111	0	0	0	0	0.081	0.736	0	0	0.747
Eif5b	Rpl15	10090.ENSMUSP00000027252	10090.ENSMUSP00000079163	0	0	0	0	0.123	0.741	0	0	0.763
Eif5b	Rpl26	10090.ENSMUSP00000027252	10090.ENSMUSP00000073175	0	0	0	0	0.136	0.842	0	0	0.857
Flna	Hsp90ab1	10090.ENSMUSP00000033699	10090.ENSMUSP00000024739	0	0	0	0	0.052	0.400	0	0	0.406
Flna	Sptbn1	10090.ENSMUSP00000033699	10090.ENSMUSP00000099902	0	0	0	0.543	0.086	0.379	0	0	0.408
Flna	Prkcd	10090.ENSMUSP00000033699	10090.ENSMUSP00000107830	0	0	0	0	0.098	0.053	0.430	0	0.470
Flna	Sptan1	10090.ENSMUSP00000033699	10090.ENSMUSP00000097797	0	0	0	0	0.127	0.210	0.212	0	0.409
Flna	Itgb4	10090.ENSMUSP00000033699	10090.ENSMUSP00000102068	0	0	0	0	0.064	0.207	0.652	0	0.719
Flna	Tuba4a	10090.ENSMUSP00000033699	10090.ENSMUSP00000140657	0	0	0	0	0.061	0.134	0.900	0	0.911
Fn1	Myh9	10090.ENSMUSP00000054499	10090.ENSMUSP00000016771	0	0	0	0	0.098	0.131	0.393	0	0.482
Fn1	Pdlim5	10090.ENSMUSP00000054499	10090.ENSMUSP00000029941	0	0	0	0	0.069	0.058	0.380	0	0.408
Fn1	Myo18a	10090.ENSMUSP00000054499	10090.ENSMUSP00000130696	0	0	0	0	0	0.058	0.393	0	0.403
Fn1	Pdlim1	10090.ENSMUSP00000054499	10090.ENSMUSP00000064545	0	0	0	0	0.079	0.058	0.380	0	0.415
Fn1	Myh11	10090.ENSMUSP00000054499	10090.ENSMUSP00000087756	0	0	0	0	0	0.066	0.393	0	0.408
Fn1	Itgb4	10090.ENSMUSP00000054499	10090.ENSMUSP00000102068	0	0	0	0.538	0.062	0.276	0.715	0	0.789
G3bp2	Nup214	10090.ENSMUSP00000128244	10090.ENSMUSP00000066492	0	0	0	0	0.080	0.406	0	0	0.430
G3bp2	Usp10	10090.ENSMUSP00000128244	10090.ENSMUSP00000123590	0	0	0	0	0.165	0.811	0	0	0.835
Gapdh	Pabpc1	10090.ENSMUSP00000113942	10090.ENSMUSP00000001809	0	0	0	0	0.100	0.637	0	0	0.659
Gapdh	Tppp	10090.ENSMUSP00000113942	10090.ENSMUSP00000022057	0	0	0	0	0.061	0.698	0	0	0.704
Gapdh	Pabpn1	10090.ENSMUSP00000113942	10090.ENSMUSP00000022808	0	0	0	0	0.062	0.709	0	0	0.716
Gapdh	Ncl	10090.ENSMUSP00000113942	10090.ENSMUSP00000027438	0	0	0	0	0.088	0.664	0	0	0.680
Gapdh	Hnrnpu	10090.ENSMUSP00000113942	10090.ENSMUSP00000047571	0	0	0	0	0.051	0.642	0	0	0.645
Gapdh	Rpl26	10090.ENSMUSP00000113942	10090.ENSMUSP00000073175	0.066	0	0	0	0.093	0.640	0	0	0.668
Gapdh	Rplp0	10090.ENSMUSP00000113942	10090.ENSMUSP00000083705	0	0	0	0	0.205	0.641	0	0	0.702
Gnl1	Rpl13	10090.ENSMUSP00000084450	10090.ENSMUSP00000000756	0	0	0	0	0.123	0.560	0	0	0.597
Gnl1	Rpl6	10090.ENSMUSP00000084450	10090.ENSMUSP00000031617	0	0	0	0	0.081	0.560	0	0	0.578
Gnl1	Rpl22l1	10090.ENSMUSP00000084450	10090.ENSMUSP00000043111	0	0	0	0	0.061	0.524	0	0	0.533
Gnl1	Mybbp1a	10090.ENSMUSP00000084450	10090.ENSMUSP00000044827	0	0	0	0	0.410	0	0	0	0.410
Gnl1	Rpl26	10090.ENSMUSP00000084450	10090.ENSMUSP00000073175	0	0	0	0	0.065	0.628	0	0	0.637
Gnl1	Rpl15	10090.ENSMUSP00000084450	10090.ENSMUSP00000079163	0	0	0	0	0.122	0.570	0	0	0.606
Gnl1	Rplp0	10090.ENSMUSP00000084450	10090.ENSMUSP00000083705	0	0	0	0	0.189	0.448	0	0	0.533
Gnl1	Nop56	10090.ENSMUSP00000084450	10090.ENSMUSP00000099487	0	0	0	0	0.602	0.223	0	0	0.677
Gsk3b	Ppp1r2	10090.ENSMUSP00000023507	10090.ENSMUSP00000060118	0	0	0	0	0.063	0.468	0	0	0.480
Gsk3b	Map4	10090.ENSMUSP00000023507	10090.ENSMUSP00000035055	0	0	0	0	0	0.396	0.442	0	0.648
Gsk3b	Hsp90aa1	10090.ENSMUSP00000023507	10090.ENSMUSP00000091921	0	0	0	0	0	0.430	0.136	0	0.486
Gsk3b	Map2	10090.ENSMUSP00000023507	10090.ENSMUSP00000076577	0	0	0	0	0.088	0.396	0.442	0	0.665
Gsk3b	Mybbp1a	10090.ENSMUSP00000023507	10090.ENSMUSP00000044827	0	0	0	0	0	0.047	0.900	0	0.900
Hdac2	Wdr33	10090.ENSMUSP00000019911	10090.ENSMUSP00000025264	0	0	0	0	0.066	0.163	0.363	0	0.458
Hdac2	Nup214	10090.ENSMUSP00000019911	10090.ENSMUSP00000066492	0	0	0	0	0.065	0.058	0.512	0	0.532
Hdac2	Mybbp1a	10090.ENSMUSP00000019911	10090.ENSMUSP00000044827	0	0	0	0	0.101	0.433	0	0	0.468
Hdac2	Snw1	10090.ENSMUSP00000019911	10090.ENSMUSP00000021428	0	0	0	0	0.085	0.164	0.600	0	0.667
Hdac2	Mta2	10090.ENSMUSP00000019911	10090.ENSMUSP00000093959	0	0	0	0	0.080	0.950	0.905	0	0.995
Hdac2	Mecp2	10090.ENSMUSP00000019911	10090.ENSMUSP00000033770	0	0	0	0	0.061	0.588	0.845	0	0.935
Hdgf	U2af2	10090.ENSMUSP00000005017	10090.ENSMUSP00000005041	0	0	0	0	0.119	0.353	0	0	0.406
Hnrnpa3	Pabpc1	10090.ENSMUSP00000107595	10090.ENSMUSP00000001809	0	0	0	0.581	0.086	0.349	0.720	0	0.819
Hnrnpa3	Snw1	10090.ENSMUSP00000107595	10090.ENSMUSP00000021428	0	0	0	0	0.065	0.769	0	0	0.775
Hnrnpa3	Hnrnpk	10090.ENSMUSP00000107595	10090.ENSMUSP00000039269	0	0	0	0	0.360	0.740	0.800	0	0.963
Hnrnpa3	Hnrnpu	10090.ENSMUSP00000107595	10090.ENSMUSP00000047571	0	0	0	0	0.214	0.649	0.800	0	0.940
Hnrnpa3	Rbmxl1	10090.ENSMUSP00000107595	10090.ENSMUSP00000048153	0	0	0	0.586	0.163	0.133	0.600	0	0.684
Hnrnpa3	Pcbp1	10090.ENSMUSP00000107595	10090.ENSMUSP00000054863	0	0	0	0	0.176	0.198	0.800	0	0.856
Hnrnpa3	Srsf7	10090.ENSMUSP00000107595	10090.ENSMUSP00000070983	0	0	0	0	0.340	0.225	0	0	0.467
Hnrnpa3	Prpf4b	10090.ENSMUSP00000107595	10090.ENSMUSP00000077019	0	0	0	0	0.388	0.152	0	0	0.459
Hnrnpa3	Hnrnpc	10090.ENSMUSP00000107595	10090.ENSMUSP00000107237	0	0	0	0	0.308	0.699	0.800	0	0.954
Hnrnpa3	Matr3	10090.ENSMUSP00000107595	10090.ENSMUSP00000125761	0	0	0	0	0.482	0.355	0	0	0.651
Hnrnpa3	Srsf1	10090.ENSMUSP00000107595	10090.ENSMUSP00000120595	0	0	0	0	0.398	0.720	0	0	0.824
Hnrnpc	U2af2	10090.ENSMUSP00000107237	10090.ENSMUSP00000005041	0	0	0	0	0.630	0.729	0	0	0.895
Hnrnpc	Rbm14	10090.ENSMUSP00000107237	10090.ENSMUSP00000006625	0	0	0	0.579	0.798	0.074	0	0	0.804
Hnrnpc	Snw1	10090.ENSMUSP00000107237	10090.ENSMUSP00000021428	0	0	0	0	0.063	0.772	0	0	0.777
Hnrnpc	Hsp90ab1	10090.ENSMUSP00000107237	10090.ENSMUSP00000024739	0	0	0	0	0.160	0.049	0.547	0	0.606
Hnrnpc	Hnrnpk	10090.ENSMUSP00000107237	10090.ENSMUSP00000039269	0	0	0	0	0.785	0.724	0.800	0	0.987
Hnrnpc	Hnrnpu	10090.ENSMUSP00000107237	10090.ENSMUSP00000047571	0	0	0	0	0.446	0.516	0.800	0	0.941
Hnrnpc	Rbmxl1	10090.ENSMUSP00000107237	10090.ENSMUSP00000048153	0	0	0	0.579	0.226	0.133	0.600	0	0.708
Hnrnpc	Ptges3	10090.ENSMUSP00000107237	10090.ENSMUSP00000050292	0	0	0	0	0.226	0.058	0.905	0	0.925
Hnrnpc	Pcbp1	10090.ENSMUSP00000107237	10090.ENSMUSP00000054863	0	0	0	0	0.307	0.198	0.800	0	0.879
Hnrnpc	Raly	10090.ENSMUSP00000107237	10090.ENSMUSP00000058105	0	0	0	0.888	0.254	0.564	0	0	0.660
Hnrnpc	Nup214	10090.ENSMUSP00000107237	10090.ENSMUSP00000066492	0	0	0	0	0.062	0	0.900	0	0.902
Hnrnpc	Srsf7	10090.ENSMUSP00000107237	10090.ENSMUSP00000070983	0	0	0	0	0.442	0.225	0	0	0.549
Hnrnpc	Srrm2	10090.ENSMUSP00000107237	10090.ENSMUSP00000085993	0	0	0	0	0.061	0.732	0	0	0.737
Hnrnpc	Hsp90aa1	10090.ENSMUSP00000107237	10090.ENSMUSP00000091921	0	0	0	0	0.141	0.049	0.676	0	0.712
Hnrnpc	Matr3	10090.ENSMUSP00000107237	10090.ENSMUSP00000125761	0	0	0	0	0.770	0.145	0	0	0.795
Hnrnpc	Tpr	10090.ENSMUSP00000107237	10090.ENSMUSP00000117616	0	0	0	0	0.137	0.163	0.900	0	0.921
Hnrnpc	Srsf1	10090.ENSMUSP00000107237	10090.ENSMUSP00000120595	0	0	0	0	0.834	0.208	0	0	0.863
Hnrnpk	Pabpc1	10090.ENSMUSP00000039269	10090.ENSMUSP00000001809	0	0	0	0	0.121	0.368	0	0	0.421
Hnrnpk	U2af2	10090.ENSMUSP00000039269	10090.ENSMUSP00000005041	0	0	0	0	0.698	0.485	0	0	0.838
Hnrnpk	Rbm14	10090.ENSMUSP00000039269	10090.ENSMUSP00000006625	0	0	0	0	0.754	0.273	0	0	0.813
Hnrnpk	Snw1	10090.ENSMUSP00000039269	10090.ENSMUSP00000021428	0	0	0	0	0.101	0.689	0	0	0.708
Hnrnpk	Raly	10090.ENSMUSP00000039269	10090.ENSMUSP00000058105	0	0	0	0	0.116	0.377	0	0	0.425
Hnrnpk	Srsf6	10090.ENSMUSP00000039269	10090.ENSMUSP00000119065	0	0	0	0	0.198	0.332	0	0	0.442
Hnrnpk	Srsf10	10090.ENSMUSP00000039269	10090.ENSMUSP00000101479	0	0	0	0	0.215	0.276	0	0	0.408
Hnrnpk	Srrm2	10090.ENSMUSP00000039269	10090.ENSMUSP00000085993	0	0	0	0	0.062	0.654	0	0	0.662
Hnrnpk	Srrm1	10090.ENSMUSP00000039269	10090.ENSMUSP00000125003	0	0	0	0	0.077	0.642	0	0	0.655
Hnrnpk	Srsf7	10090.ENSMUSP00000039269	10090.ENSMUSP00000070983	0	0	0	0	0.678	0.262	0	0	0.753
Hnrnpk	Matr3	10090.ENSMUSP00000039269	10090.ENSMUSP00000125761	0	0	0	0	0.710	0.373	0	0	0.811
Hnrnpk	Rbmxl1	10090.ENSMUSP00000039269	10090.ENSMUSP00000048153	0	0	0	0	0.272	0.287	0.600	0	0.774
Hnrnpk	Pcbp1	10090.ENSMUSP00000039269	10090.ENSMUSP00000054863	0	0	0	0.735	0.709	0.192	0.800	0	0.949
Hnrnpk	Srsf1	10090.ENSMUSP00000039269	10090.ENSMUSP00000120595	0	0	0	0	0.802	0.751	0	0	0.948
Hnrnpk	Hnrnpu	10090.ENSMUSP00000039269	10090.ENSMUSP00000047571	0	0	0	0	0.545	0.703	0.800	0	0.970
Hnrnpu	U2af2	10090.ENSMUSP00000047571	10090.ENSMUSP00000005041	0	0	0	0	0.432	0.164	0	0	0.504
Hnrnpu	Snw1	10090.ENSMUSP00000047571	10090.ENSMUSP00000021428	0	0	0	0	0.073	0.638	0	0	0.650
Hnrnpu	Ncl	10090.ENSMUSP00000047571	10090.ENSMUSP00000027438	0	0	0	0	0.489	0.575	0	0	0.773
Hnrnpu	Rpl6	10090.ENSMUSP00000047571	10090.ENSMUSP00000031617	0	0	0	0	0.099	0.402	0	0	0.438
Hnrnpu	Ptges3	10090.ENSMUSP00000047571	10090.ENSMUSP00000050292	0	0	0	0	0.203	0	0.720	0	0.767
Hnrnpu	Rbmxl1	10090.ENSMUSP00000047571	10090.ENSMUSP00000048153	0	0	0	0	0.225	0.065	0.600	0	0.684
Hnrnpu	Srsf1	10090.ENSMUSP00000047571	10090.ENSMUSP00000120595	0	0	0	0	0.623	0.323	0	0	0.734
Hnrnpu	Matr3	10090.ENSMUSP00000047571	10090.ENSMUSP00000125761	0	0	0	0	0.715	0.329	0	0	0.801
Hnrnpu	Pcbp1	10090.ENSMUSP00000047571	10090.ENSMUSP00000054863	0	0	0	0	0.136	0.270	0.800	0	0.862
Hsp90aa1	Hsp90ab1	10090.ENSMUSP00000091921	10090.ENSMUSP00000024739	0	0	0	0.984	0.579	0.834	0.800	0	0.984
Hsp90aa1	Ncl	10090.ENSMUSP00000091921	10090.ENSMUSP00000027438	0	0	0	0	0.223	0.081	0.676	0	0.748
Hsp90aa1	Rpl6	10090.ENSMUSP00000091921	10090.ENSMUSP00000031617	0	0	0	0	0.171	0.412	0	0	0.492
Hsp90aa1	Ptges3	10090.ENSMUSP00000091921	10090.ENSMUSP00000050292	0	0	0	0	0.634	0.908	0.864	0	0.995
Hsp90aa1	Srsf1	10090.ENSMUSP00000091921	10090.ENSMUSP00000120595	0	0	0	0	0.147	0.420	0	0	0.484
Hsp90ab1	Pabpc1	10090.ENSMUSP00000024739	10090.ENSMUSP00000001809	0	0	0	0	0.135	0.086	0.336	0	0.429
Hsp90ab1	Myh9	10090.ENSMUSP00000024739	10090.ENSMUSP00000016771	0	0	0	0	0.061	0.484	0.360	0	0.662
Hsp90ab1	Srsf1	10090.ENSMUSP00000024739	10090.ENSMUSP00000120595	0	0	0	0	0.102	0.420	0	0	0.456
Hsp90ab1	Rpl6	10090.ENSMUSP00000024739	10090.ENSMUSP00000031617	0	0	0	0	0.210	0.408	0	0	0.513
Hsp90ab1	Ncl	10090.ENSMUSP00000024739	10090.ENSMUSP00000027438	0	0	0	0	0.192	0.081	0.547	0	0.634
Hsp90ab1	Ptges3	10090.ENSMUSP00000024739	10090.ENSMUSP00000050292	0	0	0	0	0.527	0.920	0.905	0	0.996
Hspb1	Pabpc1	10090.ENSMUSP00000005077	10090.ENSMUSP00000001809	0	0	0	0	0	0	0.800	0	0.800
Hspb1	Prkcd	10090.ENSMUSP00000005077	10090.ENSMUSP00000107830	0	0	0	0	0	0.439	0	0	0.439
Itgb4	Pdlim5	10090.ENSMUSP00000102068	10090.ENSMUSP00000029941	0	0	0	0	0	0.164	0.313	0	0.401
Itgb4	Parva	10090.ENSMUSP00000102068	10090.ENSMUSP00000033030	0	0	0	0	0.062	0.131	0.600	0	0.645
Itgb4	Pdlim1	10090.ENSMUSP00000102068	10090.ENSMUSP00000064545	0	0	0	0	0	0.164	0.313	0	0.401
Itgb4	Plec	10090.ENSMUSP00000102068	10090.ENSMUSP00000075772	0	0	0	0	0.065	0.948	0.652	0	0.981
Itgb4	Synpo2	10090.ENSMUSP00000102068	10090.ENSMUSP00000102034	0	0	0	0	0.065	0.164	0.313	0	0.416
Larp1	Pabpc1	10090.ENSMUSP00000136673	10090.ENSMUSP00000001809	0	0	0	0	0.115	0.453	0	0	0.496
Larp1	Rpl6	10090.ENSMUSP00000136673	10090.ENSMUSP00000031617	0	0	0	0	0.063	0.143	0.360	0	0.441
Lbr	Mecp2	10090.ENSMUSP00000005003	10090.ENSMUSP00000033770	0	0	0	0	0	0.130	0.800	0	0.818
Marcks	Prkcd	10090.ENSMUSP00000090245	10090.ENSMUSP00000107830	0	0	0	0	0	0.133	0.800	0	0.819
Matr3	U2af2	10090.ENSMUSP00000125761	10090.ENSMUSP00000005041	0	0	0	0	0.694	0.055	0	0	0.698
Matr3	Rbm14	10090.ENSMUSP00000125761	10090.ENSMUSP00000006625	0	0	0	0	0.753	0.164	0	0	0.784
Matr3	Pcbp1	10090.ENSMUSP00000125761	10090.ENSMUSP00000054863	0	0	0	0	0.562	0.072	0	0	0.576
Matr3	Srsf7	10090.ENSMUSP00000125761	10090.ENSMUSP00000070983	0	0	0	0	0.727	0.147	0	0	0.758
Matr3	Srsf1	10090.ENSMUSP00000125761	10090.ENSMUSP00000120595	0	0	0	0	0.810	0.147	0	0	0.831
Mecp2	Wdr33	10090.ENSMUSP00000033770	10090.ENSMUSP00000025264	0	0	0	0	0.062	0.130	0.367	0	0.438
Mecp2	Mta2	10090.ENSMUSP00000033770	10090.ENSMUSP00000093959	0	0	0	0	0	0.266	0.338	0	0.493
Mta2	Wdr33	10090.ENSMUSP00000093959	10090.ENSMUSP00000025264	0	0	0	0	0.062	0.067	0.407	0	0.435
Mybbp1a	Xrn2	10090.ENSMUSP00000044827	10090.ENSMUSP00000028921	0	0	0	0	0.066	0.642	0	0	0.651
Mybbp1a	Nolc1	10090.ENSMUSP00000044827	10090.ENSMUSP00000128331	0	0	0	0	0.556	0	0	0	0.556
Mybbp1a	Nop56	10090.ENSMUSP00000044827	10090.ENSMUSP00000099487	0	0	0	0	0.929	0.057	0	0	0.930
Myh11	Myh9	10090.ENSMUSP00000087756	10090.ENSMUSP00000016771	0	0	0	0.979	0	0	0.900	0	0.900
Myh11	Mylk	10090.ENSMUSP00000087756	10090.ENSMUSP00000023538	0	0	0	0	0.307	0.207	0.650	0	0.790
Ncl	Pabpc1	10090.ENSMUSP00000027438	10090.ENSMUSP00000001809	0	0	0	0.586	0.164	0.558	0	0	0.615
Ncl	Rplp0	10090.ENSMUSP00000027438	10090.ENSMUSP00000083705	0	0	0	0	0.233	0.270	0	0	0.417
Ncl	Srsf1	10090.ENSMUSP00000027438	10090.ENSMUSP00000120595	0	0	0	0	0.438	0.071	0	0	0.456
Ncl	Srsf2	10090.ENSMUSP00000027438	10090.ENSMUSP00000090059	0	0	0	0	0.182	0.301	0	0	0.404
Ncl	Ptges3	10090.ENSMUSP00000027438	10090.ENSMUSP00000050292	0	0	0	0	0.327	0	0.676	0	0.772
Ncl	Pcbp1	10090.ENSMUSP00000027438	10090.ENSMUSP00000054863	0	0	0	0	0.117	0.687	0	0	0.712
Ncl	Rps2	10090.ENSMUSP00000027438	10090.ENSMUSP00000092502	0	0	0	0	0.179	0.080	0.900	0	0.917
Ncl	Nop56	10090.ENSMUSP00000027438	10090.ENSMUSP00000099487	0	0	0	0	0.427	0.138	0.900	0	0.946
Ndrg1	Parva	10090.ENSMUSP00000005256	10090.ENSMUSP00000033030	0	0	0	0	0	0.693	0	0	0.693
Nedd4	Strap	10090.ENSMUSP00000034740	10090.ENSMUSP00000068267	0	0	0	0	0.061	0.066	0.515	0	0.537
Nolc1	Pdlim5	10090.ENSMUSP00000128331	10090.ENSMUSP00000029941	0	0	0	0	0.069	0	0.470	0	0.485
Nolc1	Pdlim1	10090.ENSMUSP00000128331	10090.ENSMUSP00000064545	0	0	0	0	0	0	0.470	0	0.470
Nolc1	Nop56	10090.ENSMUSP00000128331	10090.ENSMUSP00000099487	0	0	0	0	0.876	0.763	0.360	0	0.979
Nolc1	Synpo2	10090.ENSMUSP00000128331	10090.ENSMUSP00000102034	0	0	0	0	0	0	0.470	0	0.470
Nop56	Rpl13	10090.ENSMUSP00000099487	10090.ENSMUSP00000000756	0	0	0	0	0.503	0	0	0	0.503
Nop56	Xrn2	10090.ENSMUSP00000099487	10090.ENSMUSP00000028921	0	0	0	0	0.135	0.090	0.900	0	0.914
Nop56	Rpl6	10090.ENSMUSP00000099487	10090.ENSMUSP00000031617	0	0	0	0	0.449	0.132	0	0	0.501
Nop56	Ssrp1	10090.ENSMUSP00000099487	10090.ENSMUSP00000076971	0	0	0	0	0.494	0	0	0	0.494
Nop56	Rpl15	10090.ENSMUSP00000099487	10090.ENSMUSP00000079163	0	0	0	0	0.554	0.210	0	0	0.632
Nop56	Rps2	10090.ENSMUSP00000099487	10090.ENSMUSP00000092502	0.062	0	0	0	0.228	0.164	0.600	0	0.725
Nup214	Wdr33	10090.ENSMUSP00000066492	10090.ENSMUSP00000025264	0	0	0	0	0.056	0	0.900	0	0.901
Nup214	Srrm1	10090.ENSMUSP00000066492	10090.ENSMUSP00000125003	0	0	0	0	0.119	0	0.600	0	0.632
Nup214	Tpr	10090.ENSMUSP00000066492	10090.ENSMUSP00000117616	0	0	0	0	0.141	0.227	0.800	0	0.855
Pabpc1	Rpl6	10090.ENSMUSP00000001809	10090.ENSMUSP00000031617	0	0	0	0	0.249	0.302	0	0	0.454
Pabpc1	Rplp0	10090.ENSMUSP00000001809	10090.ENSMUSP00000083705	0	0	0	0	0.303	0.265	0	0	0.466
Pabpc1	Raly	10090.ENSMUSP00000001809	10090.ENSMUSP00000058105	0	0	0	0	0.086	0.492	0	0	0.516
Pabpc1	Rps2	10090.ENSMUSP00000001809	10090.ENSMUSP00000092502	0	0	0	0	0.210	0.414	0	0	0.517
Pabpc1	Pcbp1	10090.ENSMUSP00000001809	10090.ENSMUSP00000054863	0	0	0	0	0.104	0.410	0	0	0.449
Pabpc1	Tnks1bp1	10090.ENSMUSP00000001809	10090.ENSMUSP00000107232	0	0	0	0	0	0	0.900	0	0.900
Pabpc1	Pabpn1	10090.ENSMUSP00000001809	10090.ENSMUSP00000022808	0	0	0	0	0.065	0.672	0	0	0.680
Pabpn1	U2af2	10090.ENSMUSP00000022808	10090.ENSMUSP00000005041	0	0	0	0	0.126	0.141	0.800	0	0.836
Pabpn1	Pnn	10090.ENSMUSP00000022808	10090.ENSMUSP00000021381	0	0	0	0	0.160	0.438	0	0	0.508
Pabpn1	Srrm1	10090.ENSMUSP00000022808	10090.ENSMUSP00000125003	0	0	0	0	0.153	0.325	0.600	0	0.751
Pabpn1	Srsf2	10090.ENSMUSP00000022808	10090.ENSMUSP00000090059	0	0	0	0.644	0.124	0.044	0.800	0	0.817
Pabpn1	Wdr33	10090.ENSMUSP00000022808	10090.ENSMUSP00000025264	0	0	0	0	0.068	0.044	0.600	0	0.612
Pabpn1	Srsf6	10090.ENSMUSP00000022808	10090.ENSMUSP00000119065	0	0	0	0	0.140	0.244	0.800	0	0.858
Pabpn1	Srsf4	10090.ENSMUSP00000022808	10090.ENSMUSP00000061474	0	0	0	0	0.153	0.244	0.800	0	0.860
Pabpn1	Srsf1	10090.ENSMUSP00000022808	10090.ENSMUSP00000120595	0	0	0	0	0.197	0.244	0.800	0	0.868
Parva	Xrn2	10090.ENSMUSP00000033030	10090.ENSMUSP00000028921	0	0	0	0	0	0.607	0	0	0.607
Pbdc1	Ttll12	10090.ENSMUSP00000033577	10090.ENSMUSP00000016901	0	0	0	0	0	0.612	0	0	0.612
Pcbp1	Rbm14	10090.ENSMUSP00000054863	10090.ENSMUSP00000006625	0	0	0	0	0.441	0.084	0	0	0.466
Pcbp1	Rbmxl1	10090.ENSMUSP00000054863	10090.ENSMUSP00000048153	0	0	0	0	0.201	0.042	0.600	0	0.667
Pcbp1	Rplp0	10090.ENSMUSP00000054863	10090.ENSMUSP00000083705	0	0	0	0	0.152	0.546	0	0	0.598
Pcbp1	Srsf1	10090.ENSMUSP00000054863	10090.ENSMUSP00000120595	0	0	0	0	0.465	0.152	0	0	0.527
Pdlim1	Pdlim5	10090.ENSMUSP00000064545	10090.ENSMUSP00000029941	0	0	0	0.668	0.062	0	0.540	0	0.550
Pdlim1	Sptan1	10090.ENSMUSP00000064545	10090.ENSMUSP00000097797	0	0	0	0	0.052	0.087	0.419	0	0.453
Pdlim5	Sptan1	10090.ENSMUSP00000029941	10090.ENSMUSP00000097797	0	0	0	0	0.052	0.087	0.419	0	0.453
Pdlim5	Plec	10090.ENSMUSP00000029941	10090.ENSMUSP00000075772	0	0	0	0	0.065	0.670	0.187	0	0.727
Pdlim5	Sorbs2	10090.ENSMUSP00000029941	10090.ENSMUSP00000121619	0	0	0	0	0.063	0.638	0	0	0.646
Plec	Rpl13	10090.ENSMUSP00000075772	10090.ENSMUSP00000000756	0	0	0	0	0.560	0.586	0	0	0.810
Plec	Rplp1	10090.ENSMUSP00000075772	10090.ENSMUSP00000008036	0	0	0	0	0.476	0.502	0	0	0.727
Plec	Tceb3	10090.ENSMUSP00000075772	10090.ENSMUSP00000030427	0	0	0	0	0	0.400	0	0	0.400
Plec	Rpl6	10090.ENSMUSP00000075772	10090.ENSMUSP00000031617	0	0	0	0	0.561	0.586	0	0	0.810
Plec	Rpl22l1	10090.ENSMUSP00000075772	10090.ENSMUSP00000043111	0	0	0	0	0.548	0.586	0	0	0.804
Plec	Rpl26	10090.ENSMUSP00000075772	10090.ENSMUSP00000073175	0	0	0	0	0.697	0.708	0	0	0.907
Plec	Rps2	10090.ENSMUSP00000075772	10090.ENSMUSP00000092502	0	0	0	0	0.409	0.422	0	0	0.643
Plec	Sptan1	10090.ENSMUSP00000075772	10090.ENSMUSP00000097797	0	0	0	0	0.115	0.375	0.212	0	0.526
Plec	Rplp0	10090.ENSMUSP00000075772	10090.ENSMUSP00000083705	0	0	0	0	0.562	0.586	0	0	0.810
Plec	Rpl15	10090.ENSMUSP00000075772	10090.ENSMUSP00000079163	0	0	0	0	0.562	0.589	0	0	0.812
Plec	Rplp2	10090.ENSMUSP00000075772	10090.ENSMUSP00000081474	0	0	0	0	0.689	0.704	0	0	0.904
Pnn	Zc3h18	10090.ENSMUSP00000021381	10090.ENSMUSP00000017622	0	0	0	0	0.097	0.508	0	0	0.536
Pnn	Srsf10	10090.ENSMUSP00000021381	10090.ENSMUSP00000101479	0	0	0	0	0.261	0.226	0	0	0.404
Pnn	Srrm2	10090.ENSMUSP00000021381	10090.ENSMUSP00000085993	0	0	0	0	0.114	0.403	0	0	0.448
Pnn	Srpk1	10090.ENSMUSP00000021381	10090.ENSMUSP00000116259	0	0	0	0	0.062	0.408	0	0	0.420
Pnn	Prpf40a	10090.ENSMUSP00000021381	10090.ENSMUSP00000075655	0	0	0	0	0.385	0.318	0	0	0.563
Pnn	Thrap3	10090.ENSMUSP00000021381	10090.ENSMUSP00000079722	0	0	0	0	0.122	0.406	0	0	0.456
Pnn	Srsf1	10090.ENSMUSP00000021381	10090.ENSMUSP00000120595	0	0	0	0	0.450	0.068	0	0	0.465
Pnn	Rbm39	10090.ENSMUSP00000021381	10090.ENSMUSP00000105216	0	0	0	0	0.701	0.048	0	0	0.703
Pnn	Rbm25	10090.ENSMUSP00000021381	10090.ENSMUSP00000048470	0	0	0	0	0.863	0	0	0	0.863
Pnn	Prpf4b	10090.ENSMUSP00000021381	10090.ENSMUSP00000077019	0	0	0	0	0.778	0.671	0	0	0.924
Ppp1r2	Ppp1r7	10090.ENSMUSP00000060118	10090.ENSMUSP00000027494	0	0	0	0	0.062	0.762	0	0	0.767
Prpf40a	U2af2	10090.ENSMUSP00000075655	10090.ENSMUSP00000005041	0	0	0	0	0.163	0.309	0.540	0	0.710
Prpf40a	Rbm25	10090.ENSMUSP00000075655	10090.ENSMUSP00000048470	0	0	0	0	0.443	0.707	0	0	0.829
Prpf40a	Rbm39	10090.ENSMUSP00000075655	10090.ENSMUSP00000105216	0	0	0	0	0.237	0.406	0	0	0.527
Prpf40a	Srrm2	10090.ENSMUSP00000075655	10090.ENSMUSP00000085993	0	0	0	0	0.083	0.402	0	0	0.428
Prpf40a	Ssrp1	10090.ENSMUSP00000075655	10090.ENSMUSP00000076971	0	0	0	0	0.435	0	0	0	0.435
Prpf40a	Prpf4b	10090.ENSMUSP00000075655	10090.ENSMUSP00000077019	0	0	0	0	0.185	0.691	0	0	0.737
Prpf4b	Rbm25	10090.ENSMUSP00000077019	10090.ENSMUSP00000048470	0	0	0	0	0.688	0.694	0	0	0.900
Prpf4b	Srsf7	10090.ENSMUSP00000077019	10090.ENSMUSP00000070983	0	0	0	0	0.143	0.734	0	0	0.762
Prpf4b	Srrm2	10090.ENSMUSP00000077019	10090.ENSMUSP00000085993	0	0	0	0	0.185	0.325	0	0	0.426
Prpf4b	Rbm39	10090.ENSMUSP00000077019	10090.ENSMUSP00000105216	0	0	0	0	0.488	0.148	0	0	0.545
Prpf4b	Son	10090.ENSMUSP00000077019	10090.ENSMUSP00000109671	0	0	0	0.548	0.814	0.058	0	0	0.818
Prrc2a	Prrc2c	10090.ENSMUSP00000025253	10090.ENSMUSP00000138433	0	0	0	0.669	0.051	0.693	0	0	0.697
Prrc2c	Rbm25	10090.ENSMUSP00000138433	10090.ENSMUSP00000048470	0	0	0	0	0.430	0	0	0	0.430
Prrc2c	Srrm2	10090.ENSMUSP00000138433	10090.ENSMUSP00000085993	0	0	0	0	0.429	0.351	0	0	0.614
Prrc2c	Son	10090.ENSMUSP00000138433	10090.ENSMUSP00000109671	0	0	0	0	0.666	0	0	0	0.666
Ptges3	Rplp2	10090.ENSMUSP00000050292	10090.ENSMUSP00000081474	0	0	0	0	0.419	0	0	0	0.419
Ptges3	Rpl15	10090.ENSMUSP00000050292	10090.ENSMUSP00000079163	0	0	0	0	0.509	0	0	0	0.509
Rabl6	Uso1	10090.ENSMUSP00000058746	10090.ENSMUSP00000031355	0	0	0	0	0.063	0.400	0	0	0.413
Ranbp3	Supt5	10090.ENSMUSP00000002445	10090.ENSMUSP00000003527	0	0	0	0	0.092	0.650	0	0	0.669
Rbm14	U2af2	10090.ENSMUSP00000006625	10090.ENSMUSP00000005041	0	0	0	0	0.486	0.164	0	0	0.552
Rbm14	Srsf7	10090.ENSMUSP00000006625	10090.ENSMUSP00000070983	0	0	0	0	0.423	0	0	0	0.422
Rbm14	Srsf1	10090.ENSMUSP00000006625	10090.ENSMUSP00000120595	0	0	0	0	0.808	0.114	0	0	0.822
Rbm25	Srsf1	10090.ENSMUSP00000048470	10090.ENSMUSP00000120595	0	0	0	0	0.251	0.300	0	0	0.453
Rbm25	Rbm39	10090.ENSMUSP00000048470	10090.ENSMUSP00000105216	0	0	0	0.559	0.515	0.329	0	0	0.660
Rbm25	Srrm2	10090.ENSMUSP00000048470	10090.ENSMUSP00000085993	0	0	0	0	0.158	0.559	0	0	0.612
Rbm25	Srrm1	10090.ENSMUSP00000048470	10090.ENSMUSP00000125003	0	0	0	0	0.319	0.584	0	0	0.704
Rbm39	U2af2	10090.ENSMUSP00000105216	10090.ENSMUSP00000005041	0	0	0	0.591	0.101	0.894	0	0	0.901
Rbm39	Srrm2	10090.ENSMUSP00000105216	10090.ENSMUSP00000085993	0	0	0	0	0.165	0.629	0	0	0.677
Rpl13	Tceb3	10090.ENSMUSP00000000756	10090.ENSMUSP00000030427	0	0	0	0	0	0.551	0	0	0.551
Rpl13	Rps2	10090.ENSMUSP00000000756	10090.ENSMUSP00000092502	0	0	0	0	0.840	0.824	0	0	0.970
Rpl13	Rpl22l1	10090.ENSMUSP00000000756	10090.ENSMUSP00000043111	0	0	0	0	0.698	0.862	0.600	0	0.981
Rpl13	Rplp1	10090.ENSMUSP00000000756	10090.ENSMUSP00000008036	0	0	0	0	0.890	0.859	0.800	0	0.996
Rpl13	Rplp0	10090.ENSMUSP00000000756	10090.ENSMUSP00000083705	0	0	0	0	0.899	0.845	0.800	0	0.996
Rpl13	Rplp2	10090.ENSMUSP00000000756	10090.ENSMUSP00000081474	0	0	0	0	0.927	0.908	0.800	0	0.998
Rpl13	Rpl15	10090.ENSMUSP00000000756	10090.ENSMUSP00000079163	0	0	0	0	0.878	0.974	0.800	0	0.999
Rpl13	Rpl26	10090.ENSMUSP00000000756	10090.ENSMUSP00000073175	0	0	0	0	0.946	0.980	0.800	0	0.999
Rpl13	Rpl6	10090.ENSMUSP00000000756	10090.ENSMUSP00000031617	0	0	0	0	0.928	0.950	0.800	0	0.999
Rpl15	Rplp1	10090.ENSMUSP00000079163	10090.ENSMUSP00000008036	0	0	0	0	0.723	0.863	0.800	0	0.991
Rpl15	Tceb3	10090.ENSMUSP00000079163	10090.ENSMUSP00000030427	0	0	0	0	0	0.551	0	0	0.551
Rpl15	Rpl6	10090.ENSMUSP00000079163	10090.ENSMUSP00000031617	0	0	0	0	0.905	0.974	0.800	0	0.999
Rpl15	Stt3b	10090.ENSMUSP00000079163	10090.ENSMUSP00000035010	0	0	0	0	0.073	0.381	0	0	0.401
Rpl15	Rpl22l1	10090.ENSMUSP00000079163	10090.ENSMUSP00000043111	0	0	0	0	0.734	0.632	0.600	0	0.957
Rpl15	Rpl26	10090.ENSMUSP00000079163	10090.ENSMUSP00000073175	0	0	0	0	0.879	0.981	0.800	0	0.999
Rpl15	Rps2	10090.ENSMUSP00000079163	10090.ENSMUSP00000092502	0	0	0	0	0.674	0.833	0	0	0.943
Rpl15	Rplp0	10090.ENSMUSP00000079163	10090.ENSMUSP00000083705	0	0	0	0	0.817	0.889	0.800	0	0.995
Rpl15	Rplp2	10090.ENSMUSP00000079163	10090.ENSMUSP00000081474	0	0	0	0	0.824	0.909	0.800	0	0.996
Rpl22l1	Rplp1	10090.ENSMUSP00000043111	10090.ENSMUSP00000008036	0	0	0	0	0.588	0.586	0.600	0	0.925
Rpl22l1	Tceb3	10090.ENSMUSP00000043111	10090.ENSMUSP00000030427	0	0	0	0	0	0.421	0	0	0.420
Rpl22l1	Rpl6	10090.ENSMUSP00000043111	10090.ENSMUSP00000031617	0	0	0	0	0.682	0.633	0.600	0	0.949
Rpl22l1	Rps2	10090.ENSMUSP00000043111	10090.ENSMUSP00000092502	0	0	0	0	0.477	0.796	0	0	0.888
Rpl22l1	Rplp0	10090.ENSMUSP00000043111	10090.ENSMUSP00000083705	0	0	0	0	0.673	0.650	0.600	0	0.950
Rpl22l1	Rplp2	10090.ENSMUSP00000043111	10090.ENSMUSP00000081474	0	0	0	0	0.779	0.753	0.600	0	0.976
Rpl22l1	Rpl26	10090.ENSMUSP00000043111	10090.ENSMUSP00000073175	0	0	0	0	0.817	0.745	0.600	0	0.979
Rpl26	Rplp1	10090.ENSMUSP00000073175	10090.ENSMUSP00000008036	0	0	0	0	0.874	0.737	0.800	0	0.992
Rpl26	Tceb3	10090.ENSMUSP00000073175	10090.ENSMUSP00000030427	0	0	0	0	0	0.645	0	0	0.645
Rpl26	Rpl6	10090.ENSMUSP00000073175	10090.ENSMUSP00000031617	0.107	0	0	0	0.917	0.980	0.800	0	0.999
Rpl26	Stt3b	10090.ENSMUSP00000073175	10090.ENSMUSP00000035010	0	0	0	0	0	0.426	0	0	0.426
Rpl26	Rps2	10090.ENSMUSP00000073175	10090.ENSMUSP00000092502	0.091	0	0	0	0.738	0.853	0	0	0.962
Rpl26	Rplp0	10090.ENSMUSP00000073175	10090.ENSMUSP00000083705	0.139	0	0	0	0.864	0.914	0.800	0	0.997
Rpl26	Rplp2	10090.ENSMUSP00000073175	10090.ENSMUSP00000081474	0	0	0	0	0.896	0.965	0.800	0	0.999
Rpl6	Rplp1	10090.ENSMUSP00000031617	10090.ENSMUSP00000008036	0	0	0	0	0.742	0.854	0.800	0	0.991
Rpl6	Tceb3	10090.ENSMUSP00000031617	10090.ENSMUSP00000030427	0	0	0	0	0	0.434	0	0	0.434
Rpl6	Stt3b	10090.ENSMUSP00000031617	10090.ENSMUSP00000035010	0	0	0	0	0.089	0.381	0	0	0.411
Rpl6	Rps2	10090.ENSMUSP00000031617	10090.ENSMUSP00000092502	0.069	0	0	0	0.631	0.654	0	0	0.870
Rpl6	Rplp0	10090.ENSMUSP00000031617	10090.ENSMUSP00000083705	0	0	0	0	0.874	0.835	0.800	0	0.995
Rpl6	Rplp2	10090.ENSMUSP00000031617	10090.ENSMUSP00000081474	0	0	0	0	0.827	0.905	0.800	0	0.996
Rplp0	Rplp1	10090.ENSMUSP00000083705	10090.ENSMUSP00000008036	0.098	0	0	0	0.784	0.858	0.800	0	0.993
Rplp0	Stt3b	10090.ENSMUSP00000083705	10090.ENSMUSP00000035010	0	0	0	0	0.095	0.381	0	0	0.415
Rplp0	Rplp2	10090.ENSMUSP00000083705	10090.ENSMUSP00000081474	0.098	0	0	0	0.864	0.911	0.800	0	0.997
Rplp0	Rps2	10090.ENSMUSP00000083705	10090.ENSMUSP00000092502	0.077	0	0	0	0.690	0.673	0	0	0.898
Rplp1	Rps2	10090.ENSMUSP00000008036	10090.ENSMUSP00000092502	0	0	0	0	0.686	0.473	0	0	0.827
Rplp1	Rplp2	10090.ENSMUSP00000008036	10090.ENSMUSP00000081474	0	0	0	0	0.907	0.903	0.800	0	0.998
Rplp2	Rps2	10090.ENSMUSP00000081474	10090.ENSMUSP00000092502	0	0	0	0	0.620	0.850	0	0	0.940
Rps2	Snd1	10090.ENSMUSP00000092502	10090.ENSMUSP00000001460	0	0	0	0	0.064	0.637	0	0	0.645
Rps2	Xrn2	10090.ENSMUSP00000092502	10090.ENSMUSP00000028921	0	0	0	0	0.063	0.201	0.900	0	0.918
Sec16a	Sec31a	10090.ENSMUSP00000109716	10090.ENSMUSP00000092157	0	0	0	0	0.779	0.466	0.600	0	0.948
Sec31a	Uso1	10090.ENSMUSP00000092157	10090.ENSMUSP00000031355	0	0	0	0	0.113	0	0.600	0	0.630
Sec62	Slc33a1	10090.ENSMUSP00000029256	10090.ENSMUSP00000029402	0	0	0	0	0.657	0	0	0	0.657
Sirt2	Tuba4a	10090.ENSMUSP00000072732	10090.ENSMUSP00000140657	0	0	0	0	0.061	0.130	0.389	0	0.457
Smarcc2	Top2b	10090.ENSMUSP00000100868	10090.ENSMUSP00000017629	0	0	0	0	0.120	0.328	0.629	0	0.761
Snw1	U2af2	10090.ENSMUSP00000021428	10090.ENSMUSP00000005041	0	0	0	0	0.098	0.655	0	0	0.675
Snw1	Srrm1	10090.ENSMUSP00000021428	10090.ENSMUSP00000125003	0	0	0	0	0.163	0.697	0	0	0.735
Snw1	Srrm2	10090.ENSMUSP00000021428	10090.ENSMUSP00000085993	0	0	0	0	0.106	0.896	0.720	0	0.971
Sptan1	Uso1	10090.ENSMUSP00000097797	10090.ENSMUSP00000031355	0	0	0	0	0	0	0.600	0	0.600
Sptan1	Synpo2	10090.ENSMUSP00000097797	10090.ENSMUSP00000102034	0	0	0	0	0.052	0.087	0.419	0	0.453
Sptan1	Sptbn1	10090.ENSMUSP00000097797	10090.ENSMUSP00000099902	0	0	0	0.694	0.825	0.916	0.589	0	0.993
Sptbn1	Uso1	10090.ENSMUSP00000099902	10090.ENSMUSP00000031355	0	0	0	0	0.062	0	0.600	0	0.608
Srpk1	U2af2	10090.ENSMUSP00000116259	10090.ENSMUSP00000005041	0	0	0	0	0.063	0.683	0	0	0.690
Srpk1	Srsf4	10090.ENSMUSP00000116259	10090.ENSMUSP00000061474	0	0	0	0	0.065	0.511	0.800	0	0.900
Srpk1	Srsf7	10090.ENSMUSP00000116259	10090.ENSMUSP00000070983	0	0	0	0	0.074	0.143	0.800	0	0.827
Srpk1	Srsf2	10090.ENSMUSP00000116259	10090.ENSMUSP00000090059	0	0	0	0	0.064	0.327	0.800	0	0.863
Srpk1	Srsf6	10090.ENSMUSP00000116259	10090.ENSMUSP00000119065	0	0	0	0	0.065	0.511	0.800	0	0.900
Srpk1	Srsf1	10090.ENSMUSP00000116259	10090.ENSMUSP00000120595	0	0	0	0	0.063	0.764	0.800	0	0.951
Srrm1	U2af2	10090.ENSMUSP00000125003	10090.ENSMUSP00000005041	0	0	0	0	0.118	0.057	0.600	0	0.638
Srrm1	Wdr33	10090.ENSMUSP00000125003	10090.ENSMUSP00000025264	0	0	0	0	0.188	0	0.600	0	0.661
Srrm1	Srsf4	10090.ENSMUSP00000125003	10090.ENSMUSP00000061474	0	0	0	0	0.128	0.262	0.600	0	0.720
Srrm1	Srrm2	10090.ENSMUSP00000125003	10090.ENSMUSP00000085993	0	0	0	0	0.208	0.909	0.800	0	0.984
Srrm1	Srsf2	10090.ENSMUSP00000125003	10090.ENSMUSP00000090059	0	0	0	0	0.142	0.912	0.600	0	0.967
Srrm1	Tpr	10090.ENSMUSP00000125003	10090.ENSMUSP00000117616	0	0	0	0	0.097	0	0.600	0	0.623
Srrm1	Srsf6	10090.ENSMUSP00000125003	10090.ENSMUSP00000119065	0	0	0	0	0.076	0.262	0.600	0	0.703
Srrm1	Srsf1	10090.ENSMUSP00000125003	10090.ENSMUSP00000120595	0	0	0	0	0.097	0.922	0.600	0	0.969
Srrm2	Zc3h18	10090.ENSMUSP00000085993	10090.ENSMUSP00000017622	0	0	0	0	0.104	0.704	0	0	0.723
Srrm2	Srsf4	10090.ENSMUSP00000085993	10090.ENSMUSP00000061474	0	0	0	0	0.131	0.383	0	0	0.441
Srrm2	Srsf1	10090.ENSMUSP00000085993	10090.ENSMUSP00000120595	0	0	0	0	0.077	0.708	0	0	0.719
Srsf1	U2af2	10090.ENSMUSP00000120595	10090.ENSMUSP00000005041	0	0	0	0	0.709	0.714	0.861	0	0.987
Srsf1	Top2b	10090.ENSMUSP00000120595	10090.ENSMUSP00000017629	0	0	0	0	0.151	0.568	0	0	0.617
Srsf1	Wdr33	10090.ENSMUSP00000120595	10090.ENSMUSP00000025264	0	0	0	0	0.065	0.162	0.600	0	0.659
Srsf1	Srsf4	10090.ENSMUSP00000120595	10090.ENSMUSP00000061474	0	0	0	0.869	0.187	0.383	0.800	0	0.890
Srsf1	Srsf7	10090.ENSMUSP00000120595	10090.ENSMUSP00000070983	0	0	0	0.704	0.830	0.716	0	0	0.949
Srsf1	Srsf2	10090.ENSMUSP00000120595	10090.ENSMUSP00000090059	0	0	0	0.677	0.541	0.941	0.856	0	0.995
Srsf1	Srsf10	10090.ENSMUSP00000120595	10090.ENSMUSP00000101479	0	0	0	0	0.731	0.402	0	0	0.832
Srsf1	Srsf6	10090.ENSMUSP00000120595	10090.ENSMUSP00000119065	0	0	0	0.866	0.372	0.602	0.800	0	0.945
Srsf10	Srsf4	10090.ENSMUSP00000101479	10090.ENSMUSP00000061474	0	0	0	0.659	0.062	0.414	0	0	0.426
Srsf10	Srsf7	10090.ENSMUSP00000101479	10090.ENSMUSP00000070983	0	0	0	0.753	0.308	0.225	0	0	0.441
Srsf2	U2af2	10090.ENSMUSP00000090059	10090.ENSMUSP00000005041	0	0	0	0	0.121	0.080	0.800	0	0.824
Srsf2	Top2b	10090.ENSMUSP00000090059	10090.ENSMUSP00000017629	0	0	0	0	0.062	0.568	0	0	0.577
Srsf2	Wdr33	10090.ENSMUSP00000090059	10090.ENSMUSP00000025264	0	0	0	0	0.063	0	0.600	0	0.609
Srsf2	Srsf4	10090.ENSMUSP00000090059	10090.ENSMUSP00000061474	0	0	0	0.731	0.172	0.270	0.856	0	0.905
Srsf2	Srsf7	10090.ENSMUSP00000090059	10090.ENSMUSP00000070983	0	0	0	0.835	0.401	0.748	0	0	0.842
Srsf2	Srsf6	10090.ENSMUSP00000090059	10090.ENSMUSP00000119065	0	0	0	0.787	0.372	0.567	0.856	0	0.957
Srsf4	U2af2	10090.ENSMUSP00000061474	10090.ENSMUSP00000005041	0	0	0	0	0.125	0.402	0.861	0	0.921
Srsf4	Wdr33	10090.ENSMUSP00000061474	10090.ENSMUSP00000025264	0	0	0	0	0.062	0.162	0.600	0	0.658
Srsf4	Srsf7	10090.ENSMUSP00000061474	10090.ENSMUSP00000070983	0	0	0	0.742	0.102	0.380	0	0	0.419
Srsf4	Srsf6	10090.ENSMUSP00000061474	10090.ENSMUSP00000119065	0	0	0	0.957	0.080	0.402	0.800	0	0.880
Srsf6	U2af2	10090.ENSMUSP00000119065	10090.ENSMUSP00000005041	0	0	0	0	0.167	0.402	0.861	0	0.925
Srsf6	Wdr33	10090.ENSMUSP00000119065	10090.ENSMUSP00000025264	0	0	0	0	0.062	0.162	0.600	0	0.658
Srsf6	Srsf7	10090.ENSMUSP00000119065	10090.ENSMUSP00000070983	0	0	0	0.746	0.311	0.526	0	0	0.659
Ssr1	Ssr3	10090.ENSMUSP00000021864	10090.ENSMUSP00000029414	0	0	0	0	0.835	0.881	0.800	0	0.995
Ssr3	Tram1	10090.ENSMUSP00000029414	10090.ENSMUSP00000027068	0	0	0	0	0.820	0	0	0	0.820
Ssrp1	Supt5	10090.ENSMUSP00000076971	10090.ENSMUSP00000003527	0	0	0	0	0.129	0.732	0.600	0	0.898
Ssrp1	Zc3h18	10090.ENSMUSP00000076971	10090.ENSMUSP00000017622	0	0	0	0	0.113	0.423	0	0	0.466
Ssrp1	Tceb3	10090.ENSMUSP00000076971	10090.ENSMUSP00000030427	0	0	0	0	0	0	0.600	0	0.600
Supt5	Tceb3	10090.ENSMUSP00000003527	10090.ENSMUSP00000030427	0	0	0	0	0.061	0	0.600	0	0.608
Tjp1	Tjp2	10090.ENSMUSP00000099652	10090.ENSMUSP00000097154	0	0	0	0.902	0.089	0.766	0.800	0	0.953
Tjp1	Tuba4a	10090.ENSMUSP00000099652	10090.ENSMUSP00000140657	0	0	0	0	0	0.059	0.800	0	0.803
Tpd52	Tpd52l1	10090.ENSMUSP00000091943	10090.ENSMUSP00000000305	0	0	0	0.936	0.066	0.209	0.900	0	0.919
Tpd52	Tpd52l2	10090.ENSMUSP00000091943	10090.ENSMUSP00000117690	0	0	0	0.897	0	0.728	0	0	0.728
Tppp	Tuba4a	10090.ENSMUSP00000022057	10090.ENSMUSP00000140657	0	0	0	0	0.093	0.972	0	0	0.973
Tpr	U2af2	10090.ENSMUSP00000117616	10090.ENSMUSP00000005041	0	0	0	0	0.147	0.354	0	0	0.425
Tpr	Wdr33	10090.ENSMUSP00000117616	10090.ENSMUSP00000025264	0	0	0	0	0.137	0.074	0.900	0	0.913
U2af2	Wdr33	10090.ENSMUSP00000005041	10090.ENSMUSP00000025264	0	0	0	0	0.104	0	0.600	0	0.626
Usp10	Zc3h18	10090.ENSMUSP00000123590	10090.ENSMUSP00000017622	0	0	0	0	0.149	0.326	0	0	0.402
